Chart Count,Height,Location,Shear
0,Low,W1,4.64E-01
1,Low,W1,4.35E-01
2,Low,W1,3.63E-01
3,Low,W1,3.32E-01
4,Low,W1,3.86E-01
5,Low,W1,4.43E-01
6,Low,W1,2.69E-01
7,Low,W1,2.73E-01
8,Low,W1,3.40E-01
9,Low,W1,3.90E-01
10,Low,W1,4.60E-01
11,Low,W1,4.76E-01
12,Low,W1,5.10E-01
13,Low,W1,5.11E-01
14,Low,W1,5.47E-01
15,Low,W1,5.56E-01
16,Low,W1,5.63E-01
17,Low,W1,5.66E-01
18,Low,W1,5.62E-01
19,Low,W1,5.48E-01
20,Low,W1,5.41E-01
21,Low,W1,5.41E-01
22,Low,W1,5.41E-01
23,Low,W1,5.39E-01
24,Low,W1,5.51E-01
25,Low,W1,5.20E-01
26,Low,W1,5.37E-01
27,Low,W1,2.27E-01
28,Low,W1,2.59E-01
29,Low,W1,3.31E-01
30,Low,W1,3.69E-01
31,Low,W1,5.08E-01
32,Low,W1,4.84E-01
33,Low,W1,5.11E-01
34,Low,W1,5.36E-01
35,Low,W1,5.14E-01
36,Low,W1,5.44E-01
37,Low,W1,5.45E-01
38,Low,W1,5.38E-01
39,Low,W1,4.98E-01
40,Low,W1,5.37E-01
41,Low,W1,5.59E-01
42,Low,W1,6.08E-01
43,Low,W1,5.43E-01
44,Low,W1,4.84E-01
45,Low,W1,4.67E-01
46,Low,W1,5.27E-01
47,Low,W1,6.09E-01
48,Low,W1,6.43E-01
49,Low,W1,6.26E-01
50,Low,W1,5.86E-01
51,Low,W1,6.67E-01
52,Low,W1,7.33E-01
53,Low,W1,7.18E-01
54,Low,W1,5.52E-01
55,Low,W1,6.33E-01
56,Low,W1,5.05E-01
57,Low,W1,3.16E-01
58,Low,W1,3.50E-01
59,Low,W1,4.60E-01
60,Low,W1,5.16E-01
61,Low,W1,4.66E-01
62,Low,W1,3.78E-01
63,Low,W1,2.43E-01
64,Low,W1,3.80E-01
65,Low,W1,7.07E-01
66,Low,W1,7.77E-01
67,Low,W1,8.04E-01
68,Low,W1,7.75E-01
69,Low,W1,6.91E-01
70,Low,W1,6.50E-01
71,Low,W1,5.35E-01
72,Low,W1,6.29E-01
73,Low,W1,8.16E-01
74,Low,W1,8.51E-01
75,Low,W1,8.44E-01
76,Low,W1,8.06E-01
77,Low,W1,8.03E-01
78,Low,W1,8.35E-01
79,Low,W1,8.69E-01
80,Low,W1,6.39E-01
81,Low,W1,5.81E-01
82,Low,W1,6.95E-01
83,Low,W1,8.21E-01
84,Low,W1,7.36E-01
85,Low,W1,5.11E-01
86,Low,W1,4.25E-01
87,Low,W1,4.34E-01
88,Low,W1,6.55E-01
89,Low,W1,6.24E-01
90,Low,W1,6.95E-01
91,Low,W1,6.76E-01
92,Low,W1,5.17E-01
93,Low,W1,6.69E-01
94,Low,W1,5.41E-01
95,Low,W1,4.45E-01
96,Low,W1,5.47E-01
97,Low,W1,6.04E-01
98,Low,W1,6.26E-01
99,Low,W1,2.47E-01
100,Low,W1,2.07E-01
101,Low,W1,3.43E-01
102,Low,W1,4.92E-01
103,Low,W1,7.07E-01
104,Low,W1,5.00E-01
105,Low,W1,2.66E-01
106,Low,W1,5.22E-01
107,Low,W1,1.82E-01
108,Low,W1,9.18E-01
109,Low,W1,1.01E+00
110,Low,W1,6.48E-01
111,Low,W1,2.52E-01
112,Low,W1,7.29E-01
113,Low,W1,4.94E-01
114,Low,W1,2.36E-01
115,Low,W1,1.41E-01
116,Low,W1,1.30E+00
117,Low,W1,1.35E+00
118,Low,W1,1.13E+00
119,Low,W1,6.55E-01
120,Low,W1,7.34E-01
121,Low,W1,7.98E-01
122,Low,W1,7.85E-01
123,Low,W1,5.18E-01
124,Low,W1,5.71E-01
125,Low,W1,5.55E-01
126,Low,W1,5.66E-01
127,Low,W1,5.56E-01
128,Low,W1,5.05E-01
129,Low,W1,4.72E-01
130,Low,W1,4.86E-01
131,Low,W1,5.23E-01
132,Low,W1,4.94E-01
133,Low,W1,4.34E-01
134,Low,W1,4.16E-01
135,Low,W1,4.45E-01
136,Low,W1,5.42E-01
137,Low,W1,4.87E-01
138,Low,W1,5.19E-01
139,Low,W1,6.30E-01
140,Low,W1,6.87E-01
141,Low,W1,6.58E-01
142,Low,W1,5.62E-01
143,Low,W1,7.46E-01
144,Low,W1,5.46E-01
145,Low,W1,5.45E-01
146,Low,W1,4.95E-01
147,Low,W1,5.36E-01
148,Low,W1,5.50E-01
149,Low,W1,5.92E-01
150,Low,W1,6.35E-01
151,Low,W1,6.07E-01
152,Low,W1,7.01E-01
153,Low,W1,5.99E-01
154,Low,W1,6.22E-01
155,Low,W1,6.62E-01
156,Low,W1,7.10E-01
157,Low,W1,6.80E-01
158,Low,W1,7.36E-01
159,Low,W1,7.62E-01
160,Low,W1,7.58E-01
161,Low,W1,6.60E-01
162,Low,W1,6.92E-01
163,Low,W1,7.35E-01
164,Low,W1,8.09E-01
165,Low,W1,7.80E-01
166,Low,W1,8.24E-01
167,Low,W1,8.29E-01
168,Low,W1,8.72E-01
169,Low,W1,8.75E-01
170,Low,W1,9.17E-01
171,Low,W1,9.13E-01
172,Low,W1,8.99E-01
173,Low,W1,9.24E-01
174,Low,W1,9.41E-01
175,Low,W1,9.58E-01
176,Low,W1,8.80E-01
177,Low,W1,9.15E-01
178,Low,W1,9.06E-01
179,Low,W1,8.71E-01
180,Low,W1,9.08E-01
181,Low,W1,9.34E-01
182,Low,W1,8.45E-01
183,Low,W1,8.41E-01
184,Low,W1,9.67E-01
185,Low,W1,1.03E+00
186,Low,W1,1.04E+00
187,Low,W1,1.01E+00
188,Low,W1,9.83E-01
189,Low,W1,9.10E-01
190,Low,W1,9.65E-01
191,Low,W1,1.12E+00
192,Low,W1,1.05E+00
193,Low,W1,1.05E+00
194,Low,W1,1.14E+00
195,Low,W1,1.16E+00
196,Low,W1,1.09E+00
197,Low,W1,1.19E+00
198,Low,W1,1.52E+00
199,Low,W1,1.64E+00
200,Low,W1,1.65E+00
201,Low,W1,1.30E+00
202,Low,W1,1.04E+00
203,Low,W1,1.85E+00
204,Low,W1,1.61E+00
205,Low,W1,1.15E+00
206,Low,W1,6.24E-01
207,Low,W1,1.78E+00
208,Low,W1,1.99E+00
209,Low,W1,2.06E+00
210,Low,W1,2.16E+00
211,Low,W1,1.95E+00
212,Low,W1,1.62E+00
213,Low,W1,2.07E+00
214,Low,W1,2.20E+00
215,Low,W1,2.24E+00
216,Low,W1,2.23E+00
217,Low,W1,1.98E+00
218,Low,W1,1.79E+00
219,Low,W1,2.33E+00
220,Low,W1,2.43E+00
221,Low,W1,2.44E+00
222,Low,W1,2.30E+00
223,Low,W1,2.23E+00
224,Low,W1,2.28E+00
225,Low,W1,2.15E+00
226,Low,W1,1.91E+00
227,Low,W1,2.01E+00
228,Low,W1,2.47E+00
229,Low,W1,2.24E+00
230,Low,W1,1.79E+00
231,Low,W1,1.77E+00
232,Low,W1,2.26E+00
233,Low,W1,2.13E+00
234,Low,W1,1.81E+00
235,Low,W1,1.53E+00
236,Low,W1,1.61E+00
237,Low,W1,1.20E+00
238,Low,W1,1.11E+00
239,Low,W1,1.04E+00
240,Low,W1,1.12E+00
241,Low,W1,1.21E+00
242,Low,W1,1.16E+00
243,Low,W1,1.31E+00
244,Low,W1,1.30E+00
245,Low,W1,1.05E+00
246,Low,W1,1.06E+00
247,Low,W1,1.26E+00
248,Low,W1,1.59E+00
249,Low,W1,1.71E+00
250,Low,W1,1.51E+00
251,Low,W1,1.20E+00
252,Low,W1,1.10E+00
253,Low,W1,1.28E+00
254,Low,W1,1.29E+00
255,Low,W1,1.36E+00
256,Low,W1,1.33E+00
257,Low,W1,1.38E+00
258,Low,W1,1.47E+00
259,Low,W1,1.42E+00
260,Low,W1,1.36E+00
261,Low,W1,1.37E+00
262,Low,W1,1.38E+00
263,Low,W1,1.44E+00
264,Low,W1,1.34E+00
265,Low,W1,1.32E+00
266,Low,W1,1.58E+00
267,Low,W1,1.53E+00
268,Low,W1,1.46E+00
269,Low,W1,1.54E+00
270,Low,W1,1.65E+00
271,Low,W1,1.62E+00
272,Low,W1,1.54E+00
273,Low,W1,1.60E+00
274,Low,W1,1.66E+00
275,Low,W1,1.57E+00
276,Low,W1,1.59E+00
277,Low,W1,1.64E+00
278,Low,W1,1.57E+00
279,Low,W1,1.63E+00
280,Low,W1,1.53E+00
281,Low,W1,1.52E+00
282,Low,W1,1.30E+00
283,Low,W1,1.27E+00
284,Low,W1,1.31E+00
285,Low,W1,1.36E+00
286,Low,W1,1.37E+00
287,Low,W1,1.35E+00
288,Low,W1,1.20E+00
289,Low,W1,1.27E+00
290,Low,W1,1.37E+00
291,Low,W1,1.36E+00
292,Low,W1,1.37E+00
293,Low,W1,1.37E+00
294,Low,W1,1.37E+00
295,Low,W1,1.34E+00
296,Low,W1,1.34E+00
297,Low,W1,1.35E+00
298,Low,W1,1.36E+00
299,Low,W1,1.32E+00
300,Low,W1,1.34E+00
301,Low,W1,1.34E+00
302,Low,W1,1.34E+00
303,Low,W1,1.33E+00
304,Low,W1,1.35E+00
305,Low,W1,1.37E+00
306,Low,W1,1.34E+00
307,Low,W1,1.38E+00
308,Low,W1,1.39E+00
309,Low,W1,1.46E+00
310,Low,W1,1.41E+00
311,Low,W1,1.41E+00
312,Low,W1,1.46E+00
313,Low,W1,1.49E+00
314,Low,W1,1.56E+00
315,Low,W1,1.44E+00
316,Low,W1,1.38E+00
317,Low,W1,1.27E+00
0,Neutral,W1,4.81E-01
1,Neutral,W1,5.11E-01
2,Neutral,W1,5.08E-01
3,Neutral,W1,4.78E-01
4,Neutral,W1,3.25E-01
5,Neutral,W1,2.84E-01
6,Neutral,W1,2.38E-01
7,Neutral,W1,2.46E-01
8,Neutral,W1,3.13E-01
9,Neutral,W1,3.46E-01
10,Neutral,W1,1.95E-01
11,Neutral,W1,1.26E-01
12,Neutral,W1,1.38E-01
13,Neutral,W1,2.10E-01
14,Neutral,W1,4.11E-01
15,Neutral,W1,3.53E-01
16,Neutral,W1,4.28E-01
17,Neutral,W1,4.56E-01
18,Neutral,W1,8.28E-02
19,Neutral,W1,3.27E-02
20,Neutral,W1,8.13E-02
21,Neutral,W1,1.25E-01
22,Neutral,W1,4.95E-01
23,Neutral,W1,4.36E-01
24,Neutral,W1,5.34E-01
25,Neutral,W1,5.49E-01
26,Neutral,W1,5.22E-01
27,Neutral,W1,4.90E-01
28,Neutral,W1,6.01E-01
29,Neutral,W1,5.81E-01
30,Neutral,W1,5.18E-01
31,Neutral,W1,4.92E-01
32,Neutral,W1,4.93E-01
33,Neutral,W1,5.98E-01
34,Neutral,W1,5.63E-01
35,Neutral,W1,5.87E-01
36,Neutral,W1,5.87E-01
37,Neutral,W1,5.81E-01
38,Neutral,W1,5.43E-01
39,Neutral,W1,5.39E-01
40,Neutral,W1,5.77E-01
41,Neutral,W1,5.13E-01
42,Neutral,W1,5.31E-01
43,Neutral,W1,5.64E-01
44,Neutral,W1,5.88E-01
45,Neutral,W1,6.31E-01
46,Neutral,W1,6.17E-01
47,Neutral,W1,5.92E-01
48,Neutral,W1,5.62E-01
49,Neutral,W1,5.21E-01
50,Neutral,W1,5.76E-01
51,Neutral,W1,6.08E-01
52,Neutral,W1,6.13E-01
53,Neutral,W1,5.77E-01
54,Neutral,W1,5.57E-01
55,Neutral,W1,6.21E-01
56,Neutral,W1,6.37E-01
57,Neutral,W1,6.27E-01
58,Neutral,W1,6.17E-01
59,Neutral,W1,5.46E-01
60,Neutral,W1,5.48E-01
61,Neutral,W1,5.85E-01
62,Neutral,W1,1.56E-01
63,Neutral,W1,2.52E-01
64,Neutral,W1,3.90E-01
65,Neutral,W1,4.08E-01
66,Neutral,W1,3.05E-01
67,Neutral,W1,1.91E-01
68,Neutral,W1,6.32E-02
69,Neutral,W1,1.49E-01
70,Neutral,W1,5.30E-01
71,Neutral,W1,5.32E-01
72,Neutral,W1,7.21E-01
73,Neutral,W1,8.22E-01
74,Neutral,W1,6.93E-01
75,Neutral,W1,7.12E-01
76,Neutral,W1,5.65E-01
77,Neutral,W1,9.54E-01
78,Neutral,W1,9.82E-01
79,Neutral,W1,8.66E-01
80,Neutral,W1,7.01E-01
81,Neutral,W1,8.21E-01
82,Neutral,W1,1.01E+00
83,Neutral,W1,1.07E+00
84,Neutral,W1,1.15E+00
85,Neutral,W1,9.86E-01
86,Neutral,W1,1.13E+00
87,Neutral,W1,1.22E+00
88,Neutral,W1,6.98E-01
89,Neutral,W1,5.07E-01
90,Neutral,W1,3.65E-01
91,Neutral,W1,8.28E-01
92,Neutral,W1,1.15E+00
93,Neutral,W1,4.83E-01
94,Neutral,W1,2.19E-01
95,Neutral,W1,4.13E-01
96,Neutral,W1,8.74E-01
97,Neutral,W1,1.37E+00
98,Neutral,W1,1.29E+00
99,Neutral,W1,6.99E-01
100,Neutral,W1,1.07E+00
101,Neutral,W1,1.59E+00
102,Neutral,W1,1.57E+00
103,Neutral,W1,1.22E+00
104,Neutral,W1,7.14E-01
105,Neutral,W1,1.77E+00
106,Neutral,W1,1.74E+00
107,Neutral,W1,1.53E+00
108,Neutral,W1,1.21E+00
109,Neutral,W1,1.85E+00
110,Neutral,W1,1.79E+00
111,Neutral,W1,1.61E+00
112,Neutral,W1,1.46E+00
113,Neutral,W1,1.73E+00
114,Neutral,W1,1.82E+00
115,Neutral,W1,1.89E+00
116,Neutral,W1,1.79E+00
117,Neutral,W1,1.83E+00
118,Neutral,W1,1.84E+00
119,Neutral,W1,1.72E+00
120,Neutral,W1,1.52E+00
121,Neutral,W1,1.57E+00
122,Neutral,W1,1.87E+00
123,Neutral,W1,1.82E+00
124,Neutral,W1,1.70E+00
125,Neutral,W1,1.83E+00
126,Neutral,W1,1.92E+00
127,Neutral,W1,6.36E-01
128,Neutral,W1,5.82E-01
129,Neutral,W1,6.13E-01
130,Neutral,W1,6.37E-01
131,Neutral,W1,5.02E-01
132,Neutral,W1,4.98E-01
133,Neutral,W1,5.41E-01
134,Neutral,W1,4.03E-01
135,Neutral,W1,4.10E-01
136,Neutral,W1,4.10E-01
137,Neutral,W1,3.87E-01
138,Neutral,W1,3.86E-01
139,Neutral,W1,4.00E-01
140,Neutral,W1,3.98E-01
141,Neutral,W1,4.36E-01
142,Neutral,W1,4.61E-01
143,Neutral,W1,4.62E-01
144,Neutral,W1,4.36E-01
145,Neutral,W1,4.19E-01
146,Neutral,W1,4.10E-01
147,Neutral,W1,4.20E-01
148,Neutral,W1,4.27E-01
149,Neutral,W1,4.30E-01
150,Neutral,W1,4.61E-01
151,Neutral,W1,4.56E-01
152,Neutral,W1,4.12E-01
153,Neutral,W1,3.80E-01
154,Neutral,W1,5.57E-01
155,Neutral,W1,5.01E-01
156,Neutral,W1,5.41E-01
157,Neutral,W1,5.04E-01
158,Neutral,W1,4.69E-01
159,Neutral,W1,4.48E-01
160,Neutral,W1,4.56E-01
161,Neutral,W1,5.25E-01
162,Neutral,W1,4.30E-01
163,Neutral,W1,4.53E-01
164,Neutral,W1,4.53E-01
165,Neutral,W1,5.95E-01
166,Neutral,W1,5.75E-01
167,Neutral,W1,5.91E-01
168,Neutral,W1,6.47E-01
169,Neutral,W1,6.97E-01
170,Neutral,W1,6.84E-01
171,Neutral,W1,6.36E-01
172,Neutral,W1,5.29E-01
173,Neutral,W1,5.28E-01
174,Neutral,W1,5.61E-01
175,Neutral,W1,5.65E-01
176,Neutral,W1,7.31E-01
177,Neutral,W1,7.70E-01
178,Neutral,W1,8.21E-01
179,Neutral,W1,8.01E-01
180,Neutral,W1,8.26E-01
181,Neutral,W1,8.61E-01
182,Neutral,W1,8.77E-01
183,Neutral,W1,7.88E-01
184,Neutral,W1,7.88E-01
185,Neutral,W1,8.38E-01
186,Neutral,W1,7.97E-01
187,Neutral,W1,8.27E-01
188,Neutral,W1,8.60E-01
189,Neutral,W1,7.46E-01
190,Neutral,W1,7.49E-01
191,Neutral,W1,7.84E-01
192,Neutral,W1,8.70E-01
193,Neutral,W1,9.40E-01
194,Neutral,W1,9.75E-01
195,Neutral,W1,9.38E-01
196,Neutral,W1,9.51E-01
197,Neutral,W1,9.52E-01
198,Neutral,W1,9.25E-01
199,Neutral,W1,8.70E-01
200,Neutral,W1,8.53E-01
201,Neutral,W1,9.06E-01
202,Neutral,W1,8.10E-01
203,Neutral,W1,1.03E+00
204,Neutral,W1,9.96E-01
205,Neutral,W1,1.01E+00
206,Neutral,W1,1.04E+00
207,Neutral,W1,1.74E+00
208,Neutral,W1,1.91E+00
209,Neutral,W1,2.02E+00
210,Neutral,W1,1.95E+00
211,Neutral,W1,1.91E+00
212,Neutral,W1,1.88E+00
213,Neutral,W1,2.10E+00
214,Neutral,W1,2.05E+00
215,Neutral,W1,1.71E+00
216,Neutral,W1,1.83E+00
217,Neutral,W1,1.96E+00
218,Neutral,W1,2.10E+00
219,Neutral,W1,2.04E+00
220,Neutral,W1,2.02E+00
221,Neutral,W1,2.08E+00
222,Neutral,W1,1.81E+00
223,Neutral,W1,1.83E+00
224,Neutral,W1,1.96E+00
225,Neutral,W1,1.90E+00
226,Neutral,W1,1.87E+00
227,Neutral,W1,1.85E+00
228,Neutral,W1,1.64E+00
229,Neutral,W1,1.65E+00
230,Neutral,W1,1.75E+00
231,Neutral,W1,1.70E+00
232,Neutral,W1,1.67E+00
233,Neutral,W1,1.71E+00
234,Neutral,W1,1.71E+00
235,Neutral,W1,1.55E+00
236,Neutral,W1,1.58E+00
237,Neutral,W1,1.66E+00
238,Neutral,W1,1.60E+00
239,Neutral,W1,1.60E+00
240,Neutral,W1,1.49E+00
241,Neutral,W1,1.49E+00
242,Neutral,W1,1.30E+00
243,Neutral,W1,1.24E+00
244,Neutral,W1,1.38E+00
245,Neutral,W1,1.52E+00
246,Neutral,W1,9.48E-01
247,Neutral,W1,1.07E+00
248,Neutral,W1,1.27E+00
249,Neutral,W1,1.27E+00
250,Neutral,W1,1.12E+00
251,Neutral,W1,1.07E+00
252,Neutral,W1,1.27E+00
253,Neutral,W1,1.46E+00
254,Neutral,W1,1.47E+00
255,Neutral,W1,1.40E+00
256,Neutral,W1,9.75E-01
257,Neutral,W1,9.95E-01
258,Neutral,W1,7.66E-01
259,Neutral,W1,7.39E-01
260,Neutral,W1,1.15E+00
261,Neutral,W1,1.31E+00
262,Neutral,W1,1.28E+00
263,Neutral,W1,1.11E+00
264,Neutral,W1,6.32E-01
265,Neutral,W1,1.04E+00
266,Neutral,W1,7.96E-01
267,Neutral,W1,8.61E-01
268,Neutral,W1,7.11E-01
269,Neutral,W1,1.17E+00
270,Neutral,W1,1.21E+00
271,Neutral,W1,1.18E+00
272,Neutral,W1,1.06E+00
273,Neutral,W1,1.55E+00
274,Neutral,W1,1.44E+00
275,Neutral,W1,1.40E+00
276,Neutral,W1,1.46E+00
277,Neutral,W1,1.51E+00
278,Neutral,W1,1.56E+00
279,Neutral,W1,1.28E+00
280,Neutral,W1,1.57E+00
281,Neutral,W1,1.40E+00
282,Neutral,W1,1.38E+00
283,Neutral,W1,1.40E+00
284,Neutral,W1,1.47E+00
285,Neutral,W1,1.30E+00
286,Neutral,W1,1.25E+00
287,Neutral,W1,1.26E+00
288,Neutral,W1,1.34E+00
289,Neutral,W1,1.09E+00
290,Neutral,W1,1.06E+00
291,Neutral,W1,1.08E+00
292,Neutral,W1,1.09E+00
293,Neutral,W1,1.12E+00
294,Neutral,W1,1.11E+00
295,Neutral,W1,1.10E+00
296,Neutral,W1,1.11E+00
297,Neutral,W1,1.08E+00
298,Neutral,W1,1.11E+00
299,Neutral,W1,1.12E+00
300,Neutral,W1,1.08E+00
301,Neutral,W1,1.10E+00
302,Neutral,W1,1.05E+00
303,Neutral,W1,1.06E+00
304,Neutral,W1,1.10E+00
305,Neutral,W1,1.11E+00
306,Neutral,W1,1.04E+00
307,Neutral,W1,1.07E+00
308,Neutral,W1,1.12E+00
309,Neutral,W1,1.12E+00
310,Neutral,W1,1.06E+00
311,Neutral,W1,1.10E+00
312,Neutral,W1,1.11E+00
313,Neutral,W1,1.04E+00
314,Neutral,W1,1.07E+00
315,Neutral,W1,1.10E+00
316,Neutral,W1,1.18E+00
317,Neutral,W1,1.14E+00
318,Neutral,W1,1.15E+00
319,Neutral,W1,1.21E+00
320,Neutral,W1,1.28E+00
321,Neutral,W1,1.22E+00
322,Neutral,W1,1.18E+00
323,Neutral,W1,1.15E+00
324,Neutral,W1,1.33E+00
0,High,W1,3.05E-01
1,High,W1,3.78E-01
2,High,W1,4.08E-01
3,High,W1,3.86E-01
4,High,W1,3.33E-01
5,High,W1,2.77E-01
6,High,W1,4.10E-01
7,High,W1,3.97E-01
8,High,W1,3.82E-01
9,High,W1,3.49E-01
10,High,W1,3.35E-01
11,High,W1,2.78E-01
12,High,W1,2.22E-01
13,High,W1,2.98E-01
14,High,W1,2.23E-01
15,High,W1,1.03E-01
16,High,W1,1.36E-01
17,High,W1,4.66E-01
18,High,W1,4.80E-01
19,High,W1,4.45E-01
20,High,W1,5.21E-01
21,High,W1,5.17E-01
22,High,W1,4.78E-01
23,High,W1,4.48E-01
24,High,W1,5.36E-01
25,High,W1,5.02E-01
26,High,W1,4.56E-01
27,High,W1,4.52E-01
28,High,W1,2.52E-01
29,High,W1,1.75E-01
30,High,W1,7.21E-02
31,High,W1,5.27E-02
32,High,W1,4.99E-01
33,High,W1,5.23E-01
34,High,W1,4.98E-01
35,High,W1,4.48E-01
36,High,W1,4.29E-01
37,High,W1,4.56E-01
38,High,W1,5.60E-01
39,High,W1,5.50E-01
40,High,W1,5.02E-01
41,High,W1,4.88E-01
42,High,W1,4.71E-01
43,High,W1,4.39E-01
44,High,W1,4.87E-01
45,High,W1,5.03E-01
46,High,W1,4.83E-01
47,High,W1,4.53E-01
48,High,W1,4.25E-01
49,High,W1,4.42E-01
50,High,W1,5.21E-01
51,High,W1,5.04E-01
52,High,W1,4.86E-01
53,High,W1,4.70E-01
54,High,W1,4.74E-01
55,High,W1,4.52E-01
56,High,W1,4.68E-01
57,High,W1,4.86E-01
58,High,W1,2.59E-01
59,High,W1,2.65E-01
60,High,W1,3.90E-01
61,High,W1,5.14E-01
62,High,W1,4.67E-01
63,High,W1,3.34E-01
64,High,W1,1.83E-01
65,High,W1,1.30E-01
66,High,W1,1.47E-01
67,High,W1,3.00E-01
68,High,W1,2.11E-01
69,High,W1,1.74E-01
70,High,W1,1.59E-01
71,High,W1,1.71E-01
72,High,W1,1.87E-01
73,High,W1,1.30E-01
74,High,W1,2.10E-01
75,High,W1,9.72E-02
76,High,W1,4.92E-01
77,High,W1,7.13E-01
78,High,W1,6.95E-01
79,High,W1,8.51E-01
80,High,W1,1.06E+00
81,High,W1,1.10E+00
82,High,W1,1.10E+00
83,High,W1,9.27E-01
84,High,W1,7.27E-01
85,High,W1,4.04E-01
86,High,W1,4.99E-01
87,High,W1,9.05E-01
88,High,W1,1.26E+00
89,High,W1,1.15E+00
90,High,W1,1.13E+00
91,High,W1,1.20E+00
92,High,W1,1.35E+00
93,High,W1,1.68E+00
94,High,W1,1.52E+00
95,High,W1,1.88E+00
96,High,W1,1.95E+00
97,High,W1,1.58E+00
98,High,W1,1.82E+00
99,High,W1,2.06E+00
100,High,W1,2.20E+00
101,High,W1,2.03E+00
102,High,W1,1.78E+00
103,High,W1,1.93E+00
104,High,W1,2.25E+00
105,High,W1,2.28E+00
106,High,W1,2.33E+00
107,High,W1,2.32E+00
108,High,W1,2.00E+00
109,High,W1,2.03E+00
110,High,W1,1.51E+00
111,High,W1,1.62E+00
112,High,W1,2.20E+00
113,High,W1,2.35E+00
114,High,W1,2.44E+00
115,High,W1,2.26E+00
116,High,W1,2.20E+00
117,High,W1,1.27E+00
118,High,W1,1.20E+00
119,High,W1,1.50E+00
120,High,W1,2.10E+00
121,High,W1,2.28E+00
122,High,W1,2.49E+00
123,High,W1,2.41E+00
124,High,W1,1.34E+00
125,High,W1,1.89E+00
126,High,W1,5.13E-01
127,High,W1,5.43E-01
128,High,W1,5.38E-01
129,High,W1,4.13E-01
130,High,W1,4.44E-01
131,High,W1,4.97E-01
132,High,W1,3.92E-01
133,High,W1,4.03E-01
134,High,W1,4.15E-01
135,High,W1,3.99E-01
136,High,W1,3.48E-01
137,High,W1,3.30E-01
138,High,W1,3.67E-01
139,High,W1,4.23E-01
140,High,W1,4.12E-01
141,High,W1,4.25E-01
142,High,W1,4.55E-01
143,High,W1,4.88E-01
144,High,W1,4.84E-01
145,High,W1,4.37E-01
146,High,W1,4.47E-01
147,High,W1,4.26E-01
148,High,W1,4.58E-01
149,High,W1,4.72E-01
150,High,W1,4.64E-01
151,High,W1,4.84E-01
152,High,W1,4.23E-01
153,High,W1,4.61E-01
154,High,W1,4.88E-01
155,High,W1,5.25E-01
156,High,W1,5.30E-01
157,High,W1,5.33E-01
158,High,W1,5.58E-01
159,High,W1,5.46E-01
160,High,W1,5.14E-01
161,High,W1,5.58E-01
162,High,W1,5.21E-01
163,High,W1,5.41E-01
164,High,W1,6.07E-01
165,High,W1,6.02E-01
166,High,W1,6.46E-01
167,High,W1,6.49E-01
168,High,W1,6.14E-01
169,High,W1,6.61E-01
170,High,W1,6.86E-01
171,High,W1,6.77E-01
172,High,W1,7.30E-01
173,High,W1,7.55E-01
174,High,W1,7.28E-01
175,High,W1,7.39E-01
176,High,W1,7.91E-01
177,High,W1,8.39E-01
178,High,W1,8.38E-01
179,High,W1,7.99E-01
180,High,W1,8.81E-01
181,High,W1,8.88E-01
182,High,W1,9.45E-01
183,High,W1,9.43E-01
184,High,W1,8.98E-01
185,High,W1,9.04E-01
186,High,W1,9.40E-01
187,High,W1,9.91E-01
188,High,W1,8.69E-01
189,High,W1,8.10E-01
190,High,W1,8.02E-01
191,High,W1,8.76E-01
192,High,W1,9.51E-01
193,High,W1,7.78E-01
194,High,W1,8.26E-01
195,High,W1,8.83E-01
196,High,W1,7.62E-01
197,High,W1,8.64E-01
198,High,W1,9.34E-01
199,High,W1,9.93E-01
200,High,W1,9.81E-01
201,High,W1,8.50E-01
202,High,W1,7.94E-01
203,High,W1,8.28E-01
204,High,W1,1.07E+00
205,High,W1,1.05E+00
206,High,W1,9.88E-01
207,High,W1,9.04E-01
208,High,W1,9.69E-01
209,High,W1,9.99E-01
210,High,W1,1.10E+00
211,High,W1,1.08E+00
212,High,W1,1.01E+00
213,High,W1,1.04E+00
214,High,W1,1.07E+00
215,High,W1,2.44E+00
216,High,W1,2.05E+00
217,High,W1,1.66E+00
218,High,W1,1.83E+00
219,High,W1,2.26E+00
220,High,W1,2.50E+00
221,High,W1,9.23E-01
222,High,W1,1.10E+00
223,High,W1,8.43E-01
224,High,W1,1.01E+00
225,High,W1,1.45E+00
226,High,W1,1.81E+00
227,High,W1,2.22E+00
228,High,W1,1.48E+00
229,High,W1,2.51E+00
230,High,W1,1.66E+00
231,High,W1,1.12E+00
232,High,W1,1.09E+00
233,High,W1,1.30E+00
234,High,W1,7.90E-01
235,High,W1,8.45E-01
236,High,W1,8.38E-01
237,High,W1,7.12E-01
238,High,W1,6.83E-01
239,High,W1,8.08E-01
240,High,W1,9.40E-01
241,High,W1,6.87E-01
242,High,W1,5.81E-01
243,High,W1,6.03E-01
244,High,W1,8.46E-01
245,High,W1,1.07E+00
246,High,W1,1.23E+00
247,High,W1,5.56E-01
248,High,W1,4.40E-01
249,High,W1,4.56E-01
250,High,W1,6.75E-01
251,High,W1,8.50E-01
252,High,W1,5.17E-01
253,High,W1,6.66E-01
254,High,W1,9.01E-01
255,High,W1,8.88E-01
256,High,W1,6.42E-01
257,High,W1,3.47E-01
258,High,W1,4.87E-01
259,High,W1,7.13E-01
260,High,W1,1.13E+00
261,High,W1,1.05E+00
262,High,W1,7.39E-01
263,High,W1,1.18E+00
264,High,W1,1.13E+00
265,High,W1,9.25E-01
266,High,W1,5.80E-01
267,High,W1,2.58E-01
268,High,W1,7.42E-01
269,High,W1,7.27E-01
270,High,W1,5.76E-01
271,High,W1,3.72E-01
272,High,W1,2.53E-01
273,High,W1,1.44E+00
274,High,W1,1.47E+00
275,High,W1,1.37E+00
276,High,W1,8.39E-01
277,High,W1,9.88E-01
278,High,W1,1.23E+00
279,High,W1,1.56E+00
280,High,W1,1.59E+00
281,High,W1,1.25E+00
282,High,W1,1.45E+00
283,High,W1,1.55E+00
284,High,W1,1.59E+00
285,High,W1,1.43E+00
286,High,W1,1.51E+00
287,High,W1,1.50E+00
288,High,W1,1.47E+00
289,High,W1,1.45E+00
290,High,W1,1.44E+00
291,High,W1,1.29E+00
292,High,W1,1.36E+00
293,High,W1,1.37E+00
294,High,W1,1.30E+00
295,High,W1,1.15E+00
296,High,W1,1.15E+00
297,High,W1,1.08E+00
298,High,W1,1.10E+00
299,High,W1,1.14E+00
300,High,W1,1.18E+00
301,High,W1,1.07E+00
302,High,W1,1.09E+00
303,High,W1,1.13E+00
304,High,W1,1.05E+00
305,High,W1,1.07E+00
306,High,W1,1.15E+00
307,High,W1,1.17E+00
308,High,W1,1.05E+00
309,High,W1,1.09E+00
310,High,W1,1.20E+00
311,High,W1,1.08E+00
312,High,W1,1.13E+00
313,High,W1,1.19E+00
314,High,W1,1.11E+00
315,High,W1,1.14E+00
316,High,W1,1.04E+00
317,High,W1,1.07E+00
318,High,W1,1.21E+00
319,High,W1,1.16E+00
320,High,W1,1.23E+00
321,High,W1,1.24E+00
322,High,W1,1.16E+00
323,High,W1,1.22E+00
324,High,W1,1.36E+00
325,High,W1,1.30E+00
326,High,W1,7.36E-01
0,Neutral,W2,2.10E-01
1,Neutral,W2,1.90E-01
2,Neutral,W2,1.84E-01
3,Neutral,W2,2.01E-01
4,Neutral,W2,2.25E-01
5,Neutral,W2,2.27E-01
6,Neutral,W2,1.74E-01
7,Neutral,W2,1.51E-01
8,Neutral,W2,1.50E-01
9,Neutral,W2,1.65E-01
10,Neutral,W2,1.99E-01
11,Neutral,W2,2.20E-01
12,Neutral,W2,2.52E-01
13,Neutral,W2,2.55E-01
14,Neutral,W2,2.76E-01
15,Neutral,W2,3.20E-01
16,Neutral,W2,3.35E-01
17,Neutral,W2,2.94E-01
18,Neutral,W2,2.86E-01
19,Neutral,W2,3.20E-01
20,Neutral,W2,3.46E-01
21,Neutral,W2,2.55E-01
22,Neutral,W2,2.62E-01
23,Neutral,W2,2.01E-01
24,Neutral,W2,1.78E-01
25,Neutral,W2,2.18E-01
26,Neutral,W2,1.56E-01
27,Neutral,W2,1.29E-01
28,Neutral,W2,1.23E-01
29,Neutral,W2,1.34E-01
30,Neutral,W2,1.19E-01
31,Neutral,W2,1.12E-01
32,Neutral,W2,1.58E-01
33,Neutral,W2,1.39E-01
34,Neutral,W2,3.50E-01
35,Neutral,W2,3.39E-01
36,Neutral,W2,3.67E-01
37,Neutral,W2,3.98E-01
38,Neutral,W2,4.04E-01
39,Neutral,W2,3.99E-01
40,Neutral,W2,3.82E-01
41,Neutral,W2,3.26E-01
42,Neutral,W2,3.03E-01
43,Neutral,W2,3.14E-01
44,Neutral,W2,4.10E-01
45,Neutral,W2,4.00E-01
46,Neutral,W2,3.63E-01
47,Neutral,W2,3.97E-01
48,Neutral,W2,4.24E-01
49,Neutral,W2,4.21E-01
50,Neutral,W2,4.33E-01
51,Neutral,W2,4.44E-01
52,Neutral,W2,4.40E-01
53,Neutral,W2,4.32E-01
54,Neutral,W2,4.45E-01
55,Neutral,W2,4.41E-01
56,Neutral,W2,4.17E-01
57,Neutral,W2,4.18E-01
58,Neutral,W2,4.31E-01
59,Neutral,W2,3.97E-01
60,Neutral,W2,3.50E-01
61,Neutral,W2,3.61E-01
62,Neutral,W2,2.99E-01
63,Neutral,W2,2.71E-01
64,Neutral,W2,2.71E-01
65,Neutral,W2,3.11E-01
66,Neutral,W2,2.99E-01
67,Neutral,W2,3.04E-01
68,Neutral,W2,2.81E-01
69,Neutral,W2,3.07E-01
70,Neutral,W2,3.41E-01
71,Neutral,W2,3.81E-01
72,Neutral,W2,3.36E-01
73,Neutral,W2,3.69E-01
74,Neutral,W2,3.52E-01
75,Neutral,W2,4.18E-01
76,Neutral,W2,3.38E-01
77,Neutral,W2,3.60E-01
78,Neutral,W2,4.06E-01
79,Neutral,W2,3.99E-01
80,Neutral,W2,4.40E-01
81,Neutral,W2,4.90E-01
82,Neutral,W2,5.12E-01
83,Neutral,W2,5.04E-01
84,Neutral,W2,4.66E-01
85,Neutral,W2,4.10E-01
86,Neutral,W2,3.66E-01
87,Neutral,W2,4.79E-01
88,Neutral,W2,4.34E-01
89,Neutral,W2,3.75E-01
90,Neutral,W2,5.09E-01
91,Neutral,W2,5.09E-01
92,Neutral,W2,4.88E-01
93,Neutral,W2,4.42E-01
94,Neutral,W2,4.55E-01
95,Neutral,W2,4.29E-01
96,Neutral,W2,4.76E-01
97,Neutral,W2,4.90E-01
98,Neutral,W2,3.84E-01
99,Neutral,W2,3.85E-01
100,Neutral,W2,4.25E-01
101,Neutral,W2,3.60E-01
102,Neutral,W2,3.79E-01
103,Neutral,W2,4.57E-01
104,Neutral,W2,4.71E-01
105,Neutral,W2,3.64E-01
106,Neutral,W2,3.95E-01
107,Neutral,W2,3.35E-01
108,Neutral,W2,3.28E-01
109,Neutral,W2,3.40E-01
110,Neutral,W2,3.76E-01
111,Neutral,W2,3.49E-01
112,Neutral,W2,3.77E-01
113,Neutral,W2,3.99E-01
114,Neutral,W2,3.33E-01
115,Neutral,W2,3.12E-01
116,Neutral,W2,3.15E-01
117,Neutral,W2,3.05E-01
118,Neutral,W2,3.17E-01
119,Neutral,W2,3.45E-01
120,Neutral,W2,3.00E-01
121,Neutral,W2,2.99E-01
122,Neutral,W2,2.72E-01
123,Neutral,W2,2.50E-01
124,Neutral,W2,2.58E-01
125,Neutral,W2,3.17E-01
126,Neutral,W2,2.32E-01
127,Neutral,W2,2.47E-01
128,Neutral,W2,2.91E-01
129,Neutral,W2,1.83E-01
130,Neutral,W2,1.94E-01
131,Neutral,W2,2.27E-01
132,Neutral,W2,2.02E-01
133,Neutral,W2,2.43E-01
134,Neutral,W2,2.68E-01
135,Neutral,W2,2.58E-01
136,Neutral,W2,2.32E-01
137,Neutral,W2,1.99E-01
138,Neutral,W2,2.00E-01
139,Neutral,W2,1.79E-01
140,Neutral,W2,2.45E-01
141,Neutral,W2,1.81E-01
142,Neutral,W2,2.05E-01
143,Neutral,W2,2.42E-01
144,Neutral,W2,2.78E-01
145,Neutral,W2,2.50E-01
146,Neutral,W2,1.89E-01
147,Neutral,W2,1.47E-01
148,Neutral,W2,1.84E-01
149,Neutral,W2,1.97E-01
150,Neutral,W2,1.99E-01
151,Neutral,W2,1.38E-01
152,Neutral,W2,2.22E-01
153,Neutral,W2,2.50E-01
154,Neutral,W2,1.02E-01
155,Neutral,W2,8.01E-02
156,Neutral,W2,8.61E-02
157,Neutral,W2,1.04E-01
158,Neutral,W2,1.31E-01
159,Neutral,W2,9.41E-02
160,Neutral,W2,1.15E-01
161,Neutral,W2,2.99E-01
162,Neutral,W2,3.47E-01
163,Neutral,W2,3.34E-01
164,Neutral,W2,9.28E-02
165,Neutral,W2,1.04E-01
166,Neutral,W2,4.82E-01
167,Neutral,W2,4.73E-01
168,Neutral,W2,4.93E-01
169,Neutral,W2,5.00E-01
170,Neutral,W2,4.84E-01
171,Neutral,W2,4.87E-01
172,Neutral,W2,4.92E-01
173,Neutral,W2,4.05E-01
174,Neutral,W2,4.41E-01
175,Neutral,W2,4.97E-01
176,Neutral,W2,4.41E-01
177,Neutral,W2,3.70E-01
178,Neutral,W2,4.18E-01
179,Neutral,W2,4.94E-01
180,Neutral,W2,4.81E-01
181,Neutral,W2,4.65E-01
182,Neutral,W2,4.59E-01
183,Neutral,W2,4.71E-01
184,Neutral,W2,4.90E-01
185,Neutral,W2,4.59E-01
186,Neutral,W2,4.79E-01
187,Neutral,W2,4.87E-01
188,Neutral,W2,4.79E-01
189,Neutral,W2,5.18E-01
190,Neutral,W2,5.22E-01
191,Neutral,W2,5.11E-01
192,Neutral,W2,4.98E-01
193,Neutral,W2,4.69E-01
194,Neutral,W2,5.39E-01
195,Neutral,W2,5.45E-01
196,Neutral,W2,5.78E-01
197,Neutral,W2,6.13E-01
198,Neutral,W2,6.01E-01
199,Neutral,W2,5.60E-01
200,Neutral,W2,5.24E-01
201,Neutral,W2,5.52E-01
202,Neutral,W2,6.27E-01
203,Neutral,W2,5.98E-01
204,Neutral,W2,5.66E-01
205,Neutral,W2,6.65E-01
206,Neutral,W2,6.73E-01
207,Neutral,W2,6.45E-01
208,Neutral,W2,6.11E-01
209,Neutral,W2,6.22E-01
210,Neutral,W2,6.05E-01
211,Neutral,W2,5.92E-01
212,Neutral,W2,6.44E-01
213,Neutral,W2,6.18E-01
214,Neutral,W2,5.99E-01
215,Neutral,W2,5.92E-01
216,Neutral,W2,4.80E-01
217,Neutral,W2,4.17E-01
218,Neutral,W2,4.13E-01
219,Neutral,W2,4.74E-01
220,Neutral,W2,5.47E-01
221,Neutral,W2,5.48E-01
222,Neutral,W2,6.21E-01
223,Neutral,W2,5.88E-01
224,Neutral,W2,5.72E-01
225,Neutral,W2,2.81E-01
226,Neutral,W2,3.46E-01
227,Neutral,W2,3.38E-01
228,Neutral,W2,3.00E-01
229,Neutral,W2,2.66E-01
230,Neutral,W2,3.25E-01
231,Neutral,W2,4.52E-01
232,Neutral,W2,3.82E-01
0,Neutral,W3,3.68E-01
1,Neutral,W3,3.67E-01
2,Neutral,W3,3.65E-01
3,Neutral,W3,3.66E-01
4,Neutral,W3,2.34E-01
5,Neutral,W3,2.44E-01
6,Neutral,W3,2.57E-01
7,Neutral,W3,2.64E-01
8,Neutral,W3,2.56E-01
9,Neutral,W3,2.38E-01
10,Neutral,W3,2.36E-01
11,Neutral,W3,2.42E-01
12,Neutral,W3,2.24E-01
13,Neutral,W3,2.23E-01
14,Neutral,W3,2.30E-01
15,Neutral,W3,2.18E-01
16,Neutral,W3,2.13E-01
17,Neutral,W3,2.13E-01
18,Neutral,W3,2.18E-01
19,Neutral,W3,2.28E-01
20,Neutral,W3,2.12E-01
21,Neutral,W3,2.50E-01
22,Neutral,W3,3.03E-01
23,Neutral,W3,3.18E-01
24,Neutral,W3,2.83E-01
25,Neutral,W3,1.57E-01
26,Neutral,W3,1.70E-01
27,Neutral,W3,1.92E-01
28,Neutral,W3,2.14E-01
29,Neutral,W3,1.81E-01
30,Neutral,W3,3.14E-01
31,Neutral,W3,3.72E-01
32,Neutral,W3,3.81E-01
33,Neutral,W3,3.60E-01
34,Neutral,W3,4.06E-01
35,Neutral,W3,4.01E-01
36,Neutral,W3,3.98E-01
37,Neutral,W3,3.81E-01
38,Neutral,W3,3.86E-01
39,Neutral,W3,4.04E-01
40,Neutral,W3,4.14E-01
41,Neutral,W3,5.38E-01
42,Neutral,W3,5.46E-01
43,Neutral,W3,5.21E-01
44,Neutral,W3,5.09E-01
45,Neutral,W3,4.80E-01
46,Neutral,W3,4.84E-01
47,Neutral,W3,5.53E-01
48,Neutral,W3,5.00E-01
49,Neutral,W3,4.56E-01
50,Neutral,W3,4.84E-01
51,Neutral,W3,5.08E-01
52,Neutral,W3,4.90E-01
53,Neutral,W3,4.38E-01
54,Neutral,W3,4.28E-01
55,Neutral,W3,3.74E-01
56,Neutral,W3,4.02E-01
57,Neutral,W3,3.50E-01
58,Neutral,W3,3.32E-01
59,Neutral,W3,2.87E-01
60,Neutral,W3,2.71E-01
61,Neutral,W3,2.90E-01
62,Neutral,W3,3.28E-01
63,Neutral,W3,3.43E-01
64,Neutral,W3,3.22E-01
65,Neutral,W3,2.90E-01
66,Neutral,W3,3.29E-01
67,Neutral,W3,3.63E-01
68,Neutral,W3,3.62E-01
69,Neutral,W3,2.72E-01
70,Neutral,W3,2.94E-01
71,Neutral,W3,3.37E-01
72,Neutral,W3,3.23E-01
73,Neutral,W3,2.96E-01
74,Neutral,W3,2.77E-01
75,Neutral,W3,3.63E-01
76,Neutral,W3,3.40E-01
77,Neutral,W3,3.68E-01
78,Neutral,W3,3.76E-01
79,Neutral,W3,3.62E-01
80,Neutral,W3,3.52E-01
81,Neutral,W3,3.37E-01
82,Neutral,W3,3.69E-01
83,Neutral,W3,3.46E-01
84,Neutral,W3,3.44E-01
85,Neutral,W3,3.32E-01
86,Neutral,W3,3.27E-01
87,Neutral,W3,3.40E-01
88,Neutral,W3,3.48E-01
89,Neutral,W3,3.65E-01
90,Neutral,W3,3.74E-01
91,Neutral,W3,3.62E-01
92,Neutral,W3,3.51E-01
93,Neutral,W3,3.66E-01
94,Neutral,W3,3.74E-01
95,Neutral,W3,3.68E-01
96,Neutral,W3,3.92E-01
97,Neutral,W3,3.99E-01
98,Neutral,W3,3.98E-01
99,Neutral,W3,3.78E-01
100,Neutral,W3,4.08E-01
101,Neutral,W3,3.56E-01
102,Neutral,W3,3.69E-01
103,Neutral,W3,3.72E-01
104,Neutral,W3,3.76E-01
105,Neutral,W3,3.77E-01
106,Neutral,W3,3.72E-01
107,Neutral,W3,3.67E-01
108,Neutral,W3,3.72E-01
109,Neutral,W3,3.75E-01
110,Neutral,W3,3.77E-01
111,Neutral,W3,3.71E-01
112,Neutral,W3,3.67E-01
113,Neutral,W3,3.56E-01
114,Neutral,W3,3.46E-01
115,Neutral,W3,4.00E-01
116,Neutral,W3,4.04E-01
117,Neutral,W3,4.33E-01
118,Neutral,W3,4.55E-01
119,Neutral,W3,4.45E-01
120,Neutral,W3,4.19E-01
121,Neutral,W3,3.60E-01
122,Neutral,W3,3.64E-01
123,Neutral,W3,3.84E-01
124,Neutral,W3,3.76E-01
125,Neutral,W3,4.50E-01
126,Neutral,W3,4.25E-01
127,Neutral,W3,4.09E-01
128,Neutral,W3,4.08E-01
129,Neutral,W3,3.52E-01
130,Neutral,W3,3.61E-01
131,Neutral,W3,3.84E-01
132,Neutral,W3,3.19E-01
133,Neutral,W3,3.30E-01
134,Neutral,W3,3.33E-01
135,Neutral,W3,3.32E-01
136,Neutral,W3,3.24E-01
137,Neutral,W3,3.13E-01
138,Neutral,W3,3.48E-01
139,Neutral,W3,3.42E-01
140,Neutral,W3,2.99E-01
141,Neutral,W3,3.04E-01
142,Neutral,W3,3.26E-01
143,Neutral,W3,3.10E-01
144,Neutral,W3,2.79E-01
145,Neutral,W3,2.87E-01
146,Neutral,W3,3.08E-01
147,Neutral,W3,2.89E-01
148,Neutral,W3,2.66E-01
149,Neutral,W3,2.84E-01
150,Neutral,W3,4.63E-01
151,Neutral,W3,4.43E-01
152,Neutral,W3,4.20E-01
153,Neutral,W3,4.65E-01
154,Neutral,W3,4.50E-01
155,Neutral,W3,4.35E-01
156,Neutral,W3,4.05E-01
157,Neutral,W3,3.99E-01
158,Neutral,W3,4.69E-01
159,Neutral,W3,4.41E-01
160,Neutral,W3,4.79E-01
161,Neutral,W3,4.90E-01
162,Neutral,W3,4.12E-01
163,Neutral,W3,4.06E-01
164,Neutral,W3,4.19E-01
165,Neutral,W3,4.51E-01
166,Neutral,W3,3.70E-01
167,Neutral,W3,3.72E-01
168,Neutral,W3,4.66E-01
169,Neutral,W3,4.23E-01
170,Neutral,W3,3.28E-01
171,Neutral,W3,3.21E-01
172,Neutral,W3,4.32E-01
173,Neutral,W3,3.85E-01
174,Neutral,W3,2.88E-01
175,Neutral,W3,3.11E-01
176,Neutral,W3,3.47E-01
177,Neutral,W3,2.34E-01
178,Neutral,W3,2.21E-01
179,Neutral,W3,2.36E-01
180,Neutral,W3,2.54E-01
181,Neutral,W3,2.55E-01
182,Neutral,W3,2.51E-01
183,Neutral,W3,2.51E-01
184,Neutral,W3,2.24E-01
185,Neutral,W3,2.15E-01
186,Neutral,W3,2.55E-01
187,Neutral,W3,2.90E-01
188,Neutral,W3,2.28E-01
189,Neutral,W3,2.17E-01
190,Neutral,W3,2.15E-01
191,Neutral,W3,2.12E-01
192,Neutral,W3,2.22E-01
193,Neutral,W3,2.48E-01
194,Neutral,W3,2.36E-01
195,Neutral,W3,2.02E-01
196,Neutral,W3,1.79E-01
197,Neutral,W3,1.90E-01
198,Neutral,W3,2.23E-01
199,Neutral,W3,2.69E-01
200,Neutral,W3,2.86E-01
201,Neutral,W3,2.35E-01
202,Neutral,W3,1.60E-01
203,Neutral,W3,1.53E-01
204,Neutral,W3,1.80E-01
205,Neutral,W3,2.37E-01
206,Neutral,W3,1.95E-01
207,Neutral,W3,1.62E-01
208,Neutral,W3,1.48E-01
209,Neutral,W3,1.47E-01
210,Neutral,W3,1.67E-01
211,Neutral,W3,1.53E-01
212,Neutral,W3,2.20E-01
213,Neutral,W3,2.13E-01
214,Neutral,W3,2.17E-01
215,Neutral,W3,2.20E-01
216,Neutral,W3,2.25E-01
217,Neutral,W3,2.20E-01
218,Neutral,W3,2.26E-01
219,Neutral,W3,2.28E-01
220,Neutral,W3,2.19E-01
221,Neutral,W3,2.26E-01
222,Neutral,W3,2.32E-01
223,Neutral,W3,2.30E-01
224,Neutral,W3,2.40E-01
225,Neutral,W3,2.46E-01
226,Neutral,W3,2.46E-01
227,Neutral,W3,2.38E-01
228,Neutral,W3,1.13E-01
229,Neutral,W3,1.08E-01
230,Neutral,W3,1.28E-01
231,Neutral,W3,1.55E-01
232,Neutral,W3,1.65E-01
233,Neutral,W3,1.59E-01
234,Neutral,W3,1.37E-01
235,Neutral,W3,9.88E-02
236,Neutral,W3,8.65E-02
237,Neutral,W3,9.15E-02
238,Neutral,W3,1.92E-01
239,Neutral,W3,1.97E-01
240,Neutral,W3,2.15E-01
241,Neutral,W3,2.16E-01
242,Neutral,W3,2.43E-01
243,Neutral,W3,2.43E-01
244,Neutral,W3,2.39E-01
245,Neutral,W3,2.14E-01
246,Neutral,W3,2.40E-01
247,Neutral,W3,2.51E-01
248,Neutral,W3,2.52E-01
249,Neutral,W3,2.50E-01
250,Neutral,W3,2.61E-01
251,Neutral,W3,2.57E-01
252,Neutral,W3,1.38E-01
253,Neutral,W3,1.15E-01
254,Neutral,W3,9.55E-02
255,Neutral,W3,9.98E-02
256,Neutral,W3,1.28E-01
257,Neutral,W3,1.75E-01
258,Neutral,W3,1.43E-01
259,Neutral,W3,1.19E-01
260,Neutral,W3,1.83E-01
261,Neutral,W3,1.98E-01
262,Neutral,W3,2.15E-01
263,Neutral,W3,2.61E-01
264,Neutral,W3,2.69E-01
265,Neutral,W3,3.23E-01
266,Neutral,W3,3.98E-01
267,Neutral,W3,3.94E-01
268,Neutral,W3,3.27E-01
269,Neutral,W3,8.66E-02
270,Neutral,W3,8.10E-02
271,Neutral,W3,8.30E-02
272,Neutral,W3,9.31E-02
273,Neutral,W3,1.10E-01
274,Neutral,W3,1.13E-01
275,Neutral,W3,4.24E-01
276,Neutral,W3,4.40E-01
277,Neutral,W3,4.73E-01
278,Neutral,W3,4.95E-01
279,Neutral,W3,4.80E-01
280,Neutral,W3,4.43E-01
281,Neutral,W3,3.95E-01
282,Neutral,W3,3.87E-01
283,Neutral,W3,4.03E-01
284,Neutral,W3,4.26E-01
285,Neutral,W3,4.83E-01
286,Neutral,W3,5.01E-01
287,Neutral,W3,5.15E-01
288,Neutral,W3,5.17E-01
289,Neutral,W3,4.53E-01
290,Neutral,W3,4.43E-01
291,Neutral,W3,3.82E-01
292,Neutral,W3,3.23E-01
293,Neutral,W3,5.08E-01
294,Neutral,W3,5.34E-01
295,Neutral,W3,5.21E-01
296,Neutral,W3,4.84E-01
297,Neutral,W3,4.72E-01
298,Neutral,W3,5.30E-01
299,Neutral,W3,5.17E-01
300,Neutral,W3,4.95E-01
301,Neutral,W3,5.38E-01
302,Neutral,W3,5.28E-01
303,Neutral,W3,3.64E-01
304,Neutral,W3,3.88E-01
305,Neutral,W3,4.11E-01
306,Neutral,W3,3.99E-01
307,Neutral,W3,3.75E-01
308,Neutral,W3,3.63E-01
309,Neutral,W3,4.82E-01
310,Neutral,W3,4.67E-01
311,Neutral,W3,4.23E-01
312,Neutral,W3,5.50E-01
313,Neutral,W3,4.24E-01
314,Neutral,W3,4.88E-01
315,Neutral,W3,5.54E-01
316,Neutral,W3,3.64E-01
317,Neutral,W3,3.80E-01
318,Neutral,W3,3.74E-01
319,Neutral,W3,3.70E-01
320,Neutral,W3,3.95E-01
321,Neutral,W3,4.04E-01
322,Neutral,W3,3.70E-01
323,Neutral,W3,3.61E-01
324,Neutral,W3,3.96E-01
325,Neutral,W3,6.06E-01
326,Neutral,W3,5.93E-01
0,Neutral,W4,2.94E-01
1,Neutral,W4,3.08E-01
2,Neutral,W4,2.99E-01
3,Neutral,W4,2.87E-01
4,Neutral,W4,2.84E-01
5,Neutral,W4,2.84E-01
6,Neutral,W4,3.29E-01
7,Neutral,W4,3.46E-01
8,Neutral,W4,3.45E-01
9,Neutral,W4,3.24E-01
10,Neutral,W4,3.05E-01
11,Neutral,W4,2.92E-01
12,Neutral,W4,2.86E-01
13,Neutral,W4,2.86E-01
14,Neutral,W4,2.89E-01
15,Neutral,W4,2.91E-01
16,Neutral,W4,2.85E-01
17,Neutral,W4,2.82E-01
18,Neutral,W4,2.94E-01
19,Neutral,W4,3.03E-01
20,Neutral,W4,3.09E-01
21,Neutral,W4,3.03E-01
22,Neutral,W4,3.31E-01
23,Neutral,W4,3.42E-01
24,Neutral,W4,3.43E-01
25,Neutral,W4,3.29E-01
26,Neutral,W4,3.21E-01
27,Neutral,W4,3.24E-01
28,Neutral,W4,3.78E-01
29,Neutral,W4,3.74E-01
30,Neutral,W4,3.52E-01
31,Neutral,W4,3.55E-01
32,Neutral,W4,3.05E-01
33,Neutral,W4,3.20E-01
34,Neutral,W4,4.05E-01
35,Neutral,W4,4.29E-01
36,Neutral,W4,4.15E-01
37,Neutral,W4,3.86E-01
38,Neutral,W4,4.31E-01
39,Neutral,W4,4.71E-01
40,Neutral,W4,4.62E-01
41,Neutral,W4,3.97E-01
42,Neutral,W4,1.61E-01
43,Neutral,W4,1.58E-01
44,Neutral,W4,1.38E-01
45,Neutral,W4,1.24E-01
46,Neutral,W4,1.28E-01
47,Neutral,W4,1.46E-01
48,Neutral,W4,1.76E-01
49,Neutral,W4,1.53E-01
50,Neutral,W4,1.35E-01
51,Neutral,W4,1.31E-01
52,Neutral,W4,1.78E-01
53,Neutral,W4,1.09E-01
54,Neutral,W4,9.88E-02
55,Neutral,W4,1.03E-01
56,Neutral,W4,1.16E-01
57,Neutral,W4,1.44E-01
58,Neutral,W4,1.84E-01
59,Neutral,W4,2.01E-01
60,Neutral,W4,1.74E-01
61,Neutral,W4,1.41E-01
62,Neutral,W4,1.28E-01
63,Neutral,W4,2.46E-01
64,Neutral,W4,2.54E-01
65,Neutral,W4,2.22E-01
66,Neutral,W4,1.87E-01
67,Neutral,W4,1.67E-01
68,Neutral,W4,1.42E-01
69,Neutral,W4,1.29E-01
70,Neutral,W4,1.05E-01
71,Neutral,W4,1.10E-01
72,Neutral,W4,1.00E-01
73,Neutral,W4,1.35E-01
74,Neutral,W4,1.20E-01
75,Neutral,W4,1.08E-01
76,Neutral,W4,8.78E-02
77,Neutral,W4,9.79E-02
78,Neutral,W4,8.80E-02
79,Neutral,W4,1.23E-01
80,Neutral,W4,1.15E-01
81,Neutral,W4,1.02E-01
82,Neutral,W4,9.57E-02
83,Neutral,W4,8.56E-02
84,Neutral,W4,8.14E-02
85,Neutral,W4,1.22E-01
86,Neutral,W4,4.65E-01
87,Neutral,W4,4.55E-01
88,Neutral,W4,4.57E-01
89,Neutral,W4,4.28E-01
90,Neutral,W4,4.07E-01
91,Neutral,W4,4.43E-01
92,Neutral,W4,4.33E-01
93,Neutral,W4,4.10E-01
94,Neutral,W4,4.24E-01
95,Neutral,W4,4.49E-01
96,Neutral,W4,4.30E-01
97,Neutral,W4,3.37E-01
98,Neutral,W4,3.16E-01
99,Neutral,W4,3.72E-01
100,Neutral,W4,2.12E-01
101,Neutral,W4,2.53E-01
102,Neutral,W4,2.54E-01
103,Neutral,W4,2.12E-01
104,Neutral,W4,2.24E-01
105,Neutral,W4,2.86E-01
106,Neutral,W4,2.85E-01
107,Neutral,W4,3.20E-01
108,Neutral,W4,3.10E-01
109,Neutral,W4,2.84E-01
110,Neutral,W4,3.46E-01
111,Neutral,W4,3.37E-01
112,Neutral,W4,3.09E-01
113,Neutral,W4,3.09E-01
114,Neutral,W4,3.35E-01
115,Neutral,W4,3.59E-01
116,Neutral,W4,3.78E-01
117,Neutral,W4,3.72E-01
118,Neutral,W4,3.86E-01
119,Neutral,W4,4.15E-01
120,Neutral,W4,2.80E-01
121,Neutral,W4,2.61E-01
122,Neutral,W4,2.65E-01
123,Neutral,W4,2.79E-01
124,Neutral,W4,2.92E-01
125,Neutral,W4,2.37E-01
126,Neutral,W4,2.26E-01
127,Neutral,W4,2.32E-01
128,Neutral,W4,2.49E-01
129,Neutral,W4,3.17E-01
130,Neutral,W4,3.59E-01
131,Neutral,W4,3.72E-01
132,Neutral,W4,3.42E-01
133,Neutral,W4,3.13E-01
134,Neutral,W4,3.03E-01
135,Neutral,W4,3.69E-01
136,Neutral,W4,4.21E-01
137,Neutral,W4,4.54E-01
138,Neutral,W4,4.31E-01
139,Neutral,W4,3.94E-01
140,Neutral,W4,2.53E-01
141,Neutral,W4,2.69E-01
142,Neutral,W4,2.90E-01
143,Neutral,W4,2.64E-01
144,Neutral,W4,5.92E-01
145,Neutral,W4,5.75E-01
146,Neutral,W4,5.78E-01
147,Neutral,W4,5.95E-01
148,Neutral,W4,6.06E-01
149,Neutral,W4,6.06E-01
150,Neutral,W4,5.62E-01
151,Neutral,W4,5.57E-01
152,Neutral,W4,5.62E-01
153,Neutral,W4,5.62E-01
154,Neutral,W4,5.67E-01
155,Neutral,W4,5.99E-01
156,Neutral,W4,6.05E-01
157,Neutral,W4,6.01E-01
158,Neutral,W4,6.05E-01
159,Neutral,W4,5.81E-01
160,Neutral,W4,5.67E-01
161,Neutral,W4,5.81E-01
162,Neutral,W4,5.99E-01
163,Neutral,W4,5.51E-01
164,Neutral,W4,5.40E-01
165,Neutral,W4,5.49E-01
166,Neutral,W4,5.74E-01
167,Neutral,W4,5.53E-01
168,Neutral,W4,5.64E-01
169,Neutral,W4,5.74E-01
170,Neutral,W4,5.34E-01
171,Neutral,W4,5.37E-01
172,Neutral,W4,5.46E-01
173,Neutral,W4,6.20E-01
174,Neutral,W4,6.43E-01
175,Neutral,W4,6.37E-01
176,Neutral,W4,6.06E-01
177,Neutral,W4,5.67E-01
178,Neutral,W4,5.51E-01
179,Neutral,W4,5.75E-01
180,Neutral,W4,5.91E-01
181,Neutral,W4,6.26E-01
182,Neutral,W4,5.46E-01
183,Neutral,W4,5.56E-01
184,Neutral,W4,5.19E-01
185,Neutral,W4,5.09E-01
186,Neutral,W4,5.14E-01
187,Neutral,W4,5.37E-01
188,Neutral,W4,5.78E-01
189,Neutral,W4,6.63E-01
190,Neutral,W4,6.56E-01
191,Neutral,W4,6.23E-01
192,Neutral,W4,5.99E-01
193,Neutral,W4,6.73E-01
194,Neutral,W4,6.70E-01
195,Neutral,W4,6.51E-01
196,Neutral,W4,6.25E-01
197,Neutral,W4,6.08E-01
198,Neutral,W4,6.50E-01
199,Neutral,W4,6.85E-01
200,Neutral,W4,6.77E-01
201,Neutral,W4,6.59E-01
202,Neutral,W4,4.78E-01
203,Neutral,W4,5.10E-01
204,Neutral,W4,6.23E-01
205,Neutral,W4,6.31E-01
206,Neutral,W4,6.48E-01
207,Neutral,W4,6.31E-01
208,Neutral,W4,6.21E-01
209,Neutral,W4,6.53E-01
210,Neutral,W4,6.43E-01
211,Neutral,W4,6.28E-01
212,Neutral,W4,6.49E-01
213,Neutral,W4,6.45E-01
214,Neutral,W4,6.33E-01
215,Neutral,W4,6.22E-01
216,Neutral,W4,6.26E-01
217,Neutral,W4,6.10E-01
218,Neutral,W4,6.02E-01
219,Neutral,W4,6.08E-01
220,Neutral,W4,5.87E-01
221,Neutral,W4,6.06E-01
222,Neutral,W4,6.13E-01
223,Neutral,W4,6.01E-01
224,Neutral,W4,5.85E-01
225,Neutral,W4,5.78E-01
226,Neutral,W4,6.00E-01
227,Neutral,W4,6.12E-01
228,Neutral,W4,6.16E-01
229,Neutral,W4,5.78E-01
230,Neutral,W4,5.84E-01
231,Neutral,W4,5.98E-01
232,Neutral,W4,5.77E-01
233,Neutral,W4,5.86E-01
234,Neutral,W4,6.22E-01
235,Neutral,W4,6.20E-01
236,Neutral,W4,6.07E-01
237,Neutral,W4,6.19E-01
238,Neutral,W4,5.88E-01
239,Neutral,W4,6.29E-01
240,Neutral,W4,5.64E-01
241,Neutral,W4,5.80E-01
242,Neutral,W4,5.72E-01
243,Neutral,W4,5.64E-01
244,Neutral,W4,5.62E-01
245,Neutral,W4,5.58E-01
246,Neutral,W4,5.60E-01
247,Neutral,W4,5.60E-01
248,Neutral,W4,5.67E-01
249,Neutral,W4,5.67E-01
250,Neutral,W4,5.64E-01
251,Neutral,W4,5.71E-01
252,Neutral,W4,5.73E-01
253,Neutral,W4,5.82E-01
254,Neutral,W4,5.87E-01
255,Neutral,W4,5.12E-01
256,Neutral,W4,5.00E-01
257,Neutral,W4,5.25E-01
258,Neutral,W4,5.41E-01
259,Neutral,W4,5.35E-01
260,Neutral,W4,5.30E-01
261,Neutral,W4,4.26E-01
262,Neutral,W4,4.65E-01
263,Neutral,W4,5.11E-01
264,Neutral,W4,4.93E-01
265,Neutral,W4,5.52E-01
266,Neutral,W4,2.24E-01
267,Neutral,W4,2.15E-01
268,Neutral,W4,2.16E-01
269,Neutral,W4,2.26E-01
270,Neutral,W4,2.33E-01
271,Neutral,W4,2.10E-01
272,Neutral,W4,2.02E-01
273,Neutral,W4,2.06E-01
274,Neutral,W4,2.00E-01
275,Neutral,W4,2.07E-01
276,Neutral,W4,2.15E-01
277,Neutral,W4,2.22E-01
278,Neutral,W4,2.27E-01
279,Neutral,W4,2.30E-01
280,Neutral,W4,2.35E-01
281,Neutral,W4,2.43E-01
282,Neutral,W4,2.36E-01
283,Neutral,W4,2.13E-01
284,Neutral,W4,2.34E-01
285,Neutral,W4,2.45E-01
286,Neutral,W4,2.68E-01
287,Neutral,W4,2.70E-01
288,Neutral,W4,2.55E-01
289,Neutral,W4,2.80E-01
290,Neutral,W4,2.71E-01
291,Neutral,W4,2.57E-01
292,Neutral,W4,2.50E-01
293,Neutral,W4,2.82E-01
294,Neutral,W4,2.82E-01
295,Neutral,W4,2.74E-01
296,Neutral,W4,2.63E-01
297,Neutral,W4,2.52E-01
298,Neutral,W4,2.59E-01
299,Neutral,W4,2.48E-01
300,Neutral,W4,2.39E-01
301,Neutral,W4,2.40E-01
302,Neutral,W4,2.35E-01
303,Neutral,W4,2.52E-01
304,Neutral,W4,2.38E-01
305,Neutral,W4,2.30E-01
306,Neutral,W4,2.61E-01
307,Neutral,W4,2.54E-01
308,Neutral,W4,2.47E-01
309,Neutral,W4,2.39E-01
310,Neutral,W4,2.80E-01
311,Neutral,W4,2.75E-01
312,Neutral,W4,2.66E-01
313,Neutral,W4,2.62E-01
314,Neutral,W4,2.53E-01
315,Neutral,W4,2.50E-01
316,Neutral,W4,2.48E-01
317,Neutral,W4,2.44E-01
318,Neutral,W4,2.34E-01
0,Neutral,W5,5.63E-01
1,Neutral,W5,5.72E-01
2,Neutral,W5,5.33E-01
3,Neutral,W5,5.13E-01
4,Neutral,W5,5.18E-01
5,Neutral,W5,6.80E-01
6,Neutral,W5,6.31E-01
7,Neutral,W5,5.82E-01
8,Neutral,W5,6.20E-01
9,Neutral,W5,6.58E-01
10,Neutral,W5,5.04E-01
11,Neutral,W5,5.23E-01
12,Neutral,W5,5.28E-01
13,Neutral,W5,5.05E-01
14,Neutral,W5,4.91E-01
15,Neutral,W5,5.09E-01
16,Neutral,W5,4.79E-01
17,Neutral,W5,4.62E-01
18,Neutral,W5,8.48E-01
19,Neutral,W5,8.31E-01
20,Neutral,W5,7.75E-01
21,Neutral,W5,7.45E-01
22,Neutral,W5,7.74E-01
23,Neutral,W5,8.20E-01
24,Neutral,W5,8.31E-01
25,Neutral,W5,7.81E-01
26,Neutral,W5,7.18E-01
27,Neutral,W5,7.12E-01
28,Neutral,W5,7.31E-01
29,Neutral,W5,6.77E-01
30,Neutral,W5,6.52E-01
31,Neutral,W5,6.78E-01
32,Neutral,W5,6.50E-01
33,Neutral,W5,6.70E-01
34,Neutral,W5,7.06E-01
35,Neutral,W5,7.39E-01
36,Neutral,W5,6.06E-01
37,Neutral,W5,6.24E-01
38,Neutral,W5,6.51E-01
39,Neutral,W5,6.12E-01
40,Neutral,W5,7.50E-01
41,Neutral,W5,7.42E-01
42,Neutral,W5,7.52E-01
43,Neutral,W5,8.09E-01
44,Neutral,W5,6.06E-01
45,Neutral,W5,7.08E-01
46,Neutral,W5,6.50E-01
47,Neutral,W5,4.77E-01
48,Neutral,W5,5.02E-01
49,Neutral,W5,5.29E-01
50,Neutral,W5,5.23E-01
51,Neutral,W5,4.96E-01
52,Neutral,W5,4.76E-01
53,Neutral,W5,4.75E-01
54,Neutral,W5,5.05E-01
55,Neutral,W5,4.59E-01
56,Neutral,W5,4.55E-01
57,Neutral,W5,4.96E-01
58,Neutral,W5,4.83E-01
59,Neutral,W5,4.66E-01
60,Neutral,W5,4.60E-01
61,Neutral,W5,4.41E-01
62,Neutral,W5,4.72E-01
63,Neutral,W5,5.08E-01
64,Neutral,W5,5.08E-01
65,Neutral,W5,4.73E-01
66,Neutral,W5,4.42E-01
67,Neutral,W5,5.38E-01
68,Neutral,W5,5.46E-01
69,Neutral,W5,5.41E-01
70,Neutral,W5,5.47E-01
71,Neutral,W5,6.45E-01
72,Neutral,W5,6.52E-01
73,Neutral,W5,6.52E-01
74,Neutral,W5,6.51E-01
75,Neutral,W5,6.37E-01
76,Neutral,W5,6.30E-01
77,Neutral,W5,6.62E-01
78,Neutral,W5,6.63E-01
79,Neutral,W5,6.54E-01
80,Neutral,W5,6.46E-01
81,Neutral,W5,6.57E-01
82,Neutral,W5,6.64E-01
83,Neutral,W5,6.55E-01
84,Neutral,W5,6.31E-01
85,Neutral,W5,6.21E-01
86,Neutral,W5,5.87E-01
87,Neutral,W5,5.96E-01
88,Neutral,W5,6.68E-01
89,Neutral,W5,6.66E-01
90,Neutral,W5,6.75E-01
91,Neutral,W5,6.84E-01
92,Neutral,W5,6.82E-01
93,Neutral,W5,6.70E-01
94,Neutral,W5,6.90E-01
95,Neutral,W5,6.98E-01
96,Neutral,W5,6.93E-01
97,Neutral,W5,4.93E-01
98,Neutral,W5,4.98E-01
99,Neutral,W5,4.94E-01
100,Neutral,W5,5.08E-01
101,Neutral,W5,5.01E-01
102,Neutral,W5,4.91E-01
103,Neutral,W5,5.03E-01
104,Neutral,W5,5.09E-01
105,Neutral,W5,4.93E-01
106,Neutral,W5,4.58E-01
107,Neutral,W5,4.17E-01
108,Neutral,W5,4.38E-01
109,Neutral,W5,4.92E-01
110,Neutral,W5,3.05E-01
111,Neutral,W5,3.23E-01
112,Neutral,W5,3.98E-01
113,Neutral,W5,3.56E-01
114,Neutral,W5,4.79E-01
115,Neutral,W5,4.51E-01
116,Neutral,W5,1.87E-01
117,Neutral,W5,1.97E-01
118,Neutral,W5,2.21E-01
119,Neutral,W5,2.36E-01
120,Neutral,W5,2.21E-01
121,Neutral,W5,1.96E-01
122,Neutral,W5,2.05E-01
123,Neutral,W5,2.24E-01
124,Neutral,W5,2.41E-01
125,Neutral,W5,2.47E-01
126,Neutral,W5,2.90E-01
127,Neutral,W5,2.55E-01
128,Neutral,W5,6.88E-01
129,Neutral,W5,7.02E-01
130,Neutral,W5,7.04E-01
131,Neutral,W5,6.95E-01
132,Neutral,W5,6.97E-01
133,Neutral,W5,6.96E-01
134,Neutral,W5,6.97E-01
135,Neutral,W5,6.99E-01
136,Neutral,W5,6.88E-01
137,Neutral,W5,6.83E-01
138,Neutral,W5,6.83E-01
139,Neutral,W5,6.85E-01
140,Neutral,W5,6.92E-01
141,Neutral,W5,6.73E-01
142,Neutral,W5,6.74E-01
143,Neutral,W5,6.66E-01
144,Neutral,W5,6.65E-01
145,Neutral,W5,6.69E-01
146,Neutral,W5,6.55E-01
147,Neutral,W5,6.50E-01
148,Neutral,W5,6.56E-01
149,Neutral,W5,6.55E-01
150,Neutral,W5,6.47E-01
151,Neutral,W5,6.47E-01
152,Neutral,W5,6.42E-01
153,Neutral,W5,6.39E-01
154,Neutral,W5,6.39E-01
155,Neutral,W5,6.44E-01
156,Neutral,W5,6.44E-01
157,Neutral,W5,6.35E-01
158,Neutral,W5,6.31E-01
159,Neutral,W5,6.16E-01
160,Neutral,W5,6.06E-01
161,Neutral,W5,6.15E-01
162,Neutral,W5,6.29E-01
163,Neutral,W5,6.20E-01
164,Neutral,W5,6.34E-01
165,Neutral,W5,6.31E-01
166,Neutral,W5,6.30E-01
167,Neutral,W5,6.29E-01
168,Neutral,W5,6.15E-01
169,Neutral,W5,6.21E-01
170,Neutral,W5,6.08E-01
171,Neutral,W5,6.12E-01
172,Neutral,W5,6.11E-01
173,Neutral,W5,5.94E-01
174,Neutral,W5,5.84E-01
175,Neutral,W5,5.90E-01
176,Neutral,W5,5.72E-01
177,Neutral,W5,5.66E-01
178,Neutral,W5,5.66E-01
179,Neutral,W5,5.78E-01
180,Neutral,W5,5.07E-01
181,Neutral,W5,5.28E-01
182,Neutral,W5,5.39E-01
183,Neutral,W5,5.36E-01
184,Neutral,W5,5.21E-01
185,Neutral,W5,5.03E-01
186,Neutral,W5,5.51E-01
187,Neutral,W5,5.57E-01
188,Neutral,W5,5.57E-01
189,Neutral,W5,5.48E-01
190,Neutral,W5,5.55E-01
191,Neutral,W5,5.61E-01
192,Neutral,W5,4.86E-01
193,Neutral,W5,4.73E-01
194,Neutral,W5,4.43E-01
195,Neutral,W5,4.52E-01
196,Neutral,W5,5.74E-01
197,Neutral,W5,5.67E-01
198,Neutral,W5,3.99E-01
199,Neutral,W5,3.71E-01
200,Neutral,W5,3.86E-01
201,Neutral,W5,4.23E-01
202,Neutral,W5,3.79E-01
203,Neutral,W5,3.27E-01
204,Neutral,W5,3.03E-01
205,Neutral,W5,3.28E-01
206,Neutral,W5,1.75E-01
207,Neutral,W5,1.70E-01
208,Neutral,W5,1.74E-01
209,Neutral,W5,1.83E-01
210,Neutral,W5,1.91E-01
211,Neutral,W5,1.88E-01
212,Neutral,W5,1.63E-01
213,Neutral,W5,1.65E-01
214,Neutral,W5,1.70E-01
215,Neutral,W5,1.73E-01
216,Neutral,W5,1.77E-01
217,Neutral,W5,1.83E-01
218,Neutral,W5,1.85E-01
219,Neutral,W5,1.86E-01
220,Neutral,W5,2.60E-01
221,Neutral,W5,2.47E-01
222,Neutral,W5,2.76E-01
223,Neutral,W5,3.12E-01
224,Neutral,W5,2.45E-01
225,Neutral,W5,2.14E-01
226,Neutral,W5,1.97E-01
227,Neutral,W5,2.15E-01
228,Neutral,W5,1.95E-01
229,Neutral,W5,2.04E-01
230,Neutral,W5,2.03E-01
231,Neutral,W5,2.00E-01
232,Neutral,W5,2.14E-01
233,Neutral,W5,2.23E-01
234,Neutral,W5,2.18E-01
235,Neutral,W5,1.95E-01
236,Neutral,W5,2.70E-01
237,Neutral,W5,2.69E-01
238,Neutral,W5,3.02E-01
239,Neutral,W5,3.26E-01
240,Neutral,W5,3.19E-01
241,Neutral,W5,2.97E-01
242,Neutral,W5,2.45E-01
243,Neutral,W5,2.65E-01
244,Neutral,W5,3.52E-01
245,Neutral,W5,3.50E-01
246,Neutral,W5,3.45E-01
247,Neutral,W5,3.40E-01
248,Neutral,W5,3.23E-01
249,Neutral,W5,3.48E-01
250,Neutral,W5,3.69E-01
251,Neutral,W5,3.87E-01
252,Neutral,W5,3.79E-01
253,Neutral,W5,3.46E-01
254,Neutral,W5,3.14E-01
255,Neutral,W5,3.04E-01
256,Neutral,W5,3.44E-01
257,Neutral,W5,3.24E-01
258,Neutral,W5,3.09E-01
259,Neutral,W5,2.77E-01
260,Neutral,W5,2.81E-01
261,Neutral,W5,3.74E-01
262,Neutral,W5,3.93E-01
263,Neutral,W5,3.01E-01
264,Neutral,W5,2.80E-01
265,Neutral,W5,2.67E-01
266,Neutral,W5,3.22E-01
267,Neutral,W5,3.20E-01
268,Neutral,W5,2.98E-01
269,Neutral,W5,2.81E-01
270,Neutral,W5,2.64E-01
271,Neutral,W5,2.50E-01
272,Neutral,W5,2.53E-01
273,Neutral,W5,2.91E-01
274,Neutral,W5,2.72E-01
275,Neutral,W5,2.63E-01
276,Neutral,W5,2.47E-01
277,Neutral,W5,2.56E-01
278,Neutral,W5,2.41E-01
279,Neutral,W5,2.41E-01
280,Neutral,W5,2.28E-01
281,Neutral,W5,2.19E-01
282,Neutral,W5,1.79E-01
283,Neutral,W5,1.73E-01
284,Neutral,W5,1.84E-01
285,Neutral,W5,2.09E-01
286,Neutral,W5,1.67E-01
287,Neutral,W5,1.64E-01
288,Neutral,W5,1.67E-01
289,Neutral,W5,1.80E-01
290,Neutral,W5,1.60E-01
291,Neutral,W5,1.59E-01
292,Neutral,W5,1.63E-01
293,Neutral,W5,1.66E-01
294,Neutral,W5,1.65E-01
295,Neutral,W5,1.64E-01
0,High,W2,6.08E-01
1,High,W2,6.00E-01
2,High,W2,5.81E-01
3,High,W2,5.90E-01
4,High,W2,1.64E-01
5,High,W2,1.35E-01
6,High,W2,1.29E-01
7,High,W2,1.39E-01
8,High,W2,1.57E-01
9,High,W2,1.77E-01
10,High,W2,1.79E-01
11,High,W2,2.07E-01
12,High,W2,2.07E-01
13,High,W2,1.59E-01
14,High,W2,1.42E-01
15,High,W2,1.57E-01
16,High,W2,1.78E-01
17,High,W2,1.43E-01
18,High,W2,1.49E-01
19,High,W2,1.15E-01
20,High,W2,1.14E-01
21,High,W2,1.76E-01
22,High,W2,1.91E-01
23,High,W2,1.64E-01
24,High,W2,1.11E-01
25,High,W2,9.38E-02
26,High,W2,1.71E-01
27,High,W2,9.79E-02
28,High,W2,6.91E-02
29,High,W2,7.46E-02
30,High,W2,1.17E-01
31,High,W2,1.62E-01
32,High,W2,1.93E-01
33,High,W2,2.09E-01
34,High,W2,1.98E-01
35,High,W2,1.50E-01
36,High,W2,2.08E-01
37,High,W2,2.42E-01
38,High,W2,2.74E-01
39,High,W2,2.75E-01
40,High,W2,2.44E-01
41,High,W2,1.96E-01
42,High,W2,2.17E-01
43,High,W2,2.43E-01
44,High,W2,2.70E-01
45,High,W2,3.02E-01
46,High,W2,3.06E-01
47,High,W2,3.29E-01
48,High,W2,2.67E-01
49,High,W2,2.99E-01
50,High,W2,3.29E-01
51,High,W2,2.99E-01
52,High,W2,3.32E-01
53,High,W2,3.64E-01
54,High,W2,3.61E-01
55,High,W2,3.89E-01
56,High,W2,3.90E-01
57,High,W2,3.79E-01
58,High,W2,3.74E-01
59,High,W2,3.88E-01
60,High,W2,3.90E-01
61,High,W2,3.70E-01
62,High,W2,3.69E-01
63,High,W2,3.23E-01
64,High,W2,3.24E-01
65,High,W2,3.84E-01
66,High,W2,3.64E-01
67,High,W2,2.80E-01
68,High,W2,2.45E-01
69,High,W2,2.43E-01
70,High,W2,2.80E-01
71,High,W2,2.65E-01
72,High,W2,2.40E-01
73,High,W2,2.91E-01
74,High,W2,2.79E-01
75,High,W2,3.25E-01
76,High,W2,3.54E-01
77,High,W2,4.27E-01
78,High,W2,3.93E-01
79,High,W2,3.41E-01
80,High,W2,3.38E-01
81,High,W2,3.93E-01
82,High,W2,2.99E-01
83,High,W2,3.11E-01
84,High,W2,4.69E-01
85,High,W2,3.89E-01
86,High,W2,4.24E-01
87,High,W2,4.75E-01
88,High,W2,4.95E-01
89,High,W2,3.84E-01
90,High,W2,3.96E-01
91,High,W2,4.66E-01
92,High,W2,5.01E-01
93,High,W2,5.08E-01
94,High,W2,5.32E-01
95,High,W2,5.20E-01
96,High,W2,4.72E-01
97,High,W2,5.21E-01
98,High,W2,5.48E-01
99,High,W2,4.37E-01
100,High,W2,5.02E-01
101,High,W2,5.43E-01
102,High,W2,5.05E-01
103,High,W2,4.40E-01
104,High,W2,3.95E-01
105,High,W2,4.04E-01
106,High,W2,5.08E-01
107,High,W2,4.08E-01
108,High,W2,4.48E-01
109,High,W2,5.63E-01
110,High,W2,4.42E-01
111,High,W2,4.83E-01
112,High,W2,5.45E-01
113,High,W2,4.05E-01
114,High,W2,4.08E-01
115,High,W2,4.26E-01
116,High,W2,4.64E-01
117,High,W2,4.23E-01
118,High,W2,4.41E-01
119,High,W2,4.70E-01
120,High,W2,4.91E-01
121,High,W2,4.13E-01
122,High,W2,3.94E-01
123,High,W2,3.66E-01
124,High,W2,3.43E-01
125,High,W2,3.51E-01
126,High,W2,3.95E-01
127,High,W2,4.03E-01
128,High,W2,4.40E-01
129,High,W2,3.25E-01
130,High,W2,3.43E-01
131,High,W2,3.92E-01
132,High,W2,4.16E-01
133,High,W2,3.97E-01
134,High,W2,3.95E-01
135,High,W2,2.81E-01
136,High,W2,2.96E-01
137,High,W2,3.30E-01
138,High,W2,2.96E-01
139,High,W2,2.75E-01
140,High,W2,2.83E-01
141,High,W2,3.18E-01
142,High,W2,3.64E-01
143,High,W2,3.71E-01
144,High,W2,2.68E-01
145,High,W2,2.85E-01
146,High,W2,2.62E-01
147,High,W2,2.22E-01
148,High,W2,1.85E-01
149,High,W2,2.08E-01
150,High,W2,1.29E-01
151,High,W2,1.73E-01
152,High,W2,2.07E-01
153,High,W2,2.33E-01
154,High,W2,1.94E-01
155,High,W2,2.82E-01
156,High,W2,2.79E-01
157,High,W2,2.93E-01
158,High,W2,3.03E-01
159,High,W2,3.27E-01
160,High,W2,3.49E-01
161,High,W2,3.25E-01
162,High,W2,3.64E-01
163,High,W2,4.07E-01
164,High,W2,3.98E-01
165,High,W2,4.28E-01
166,High,W2,4.57E-01
167,High,W2,4.88E-01
168,High,W2,4.68E-01
169,High,W2,4.88E-01
170,High,W2,5.37E-01
171,High,W2,5.27E-01
172,High,W2,5.10E-01
173,High,W2,5.04E-01
174,High,W2,5.07E-01
175,High,W2,5.13E-01
176,High,W2,5.11E-01
177,High,W2,5.27E-01
178,High,W2,4.81E-01
179,High,W2,4.97E-01
180,High,W2,4.86E-01
181,High,W2,5.36E-01
182,High,W2,5.11E-01
183,High,W2,5.04E-01
184,High,W2,4.94E-01
185,High,W2,5.05E-01
186,High,W2,5.40E-01
187,High,W2,5.00E-01
188,High,W2,4.88E-01
189,High,W2,4.77E-01
190,High,W2,4.77E-01
191,High,W2,5.10E-01
192,High,W2,5.04E-01
193,High,W2,5.30E-01
194,High,W2,5.52E-01
195,High,W2,5.91E-01
196,High,W2,5.84E-01
197,High,W2,5.44E-01
198,High,W2,5.14E-01
199,High,W2,5.42E-01
200,High,W2,5.32E-01
201,High,W2,6.08E-01
202,High,W2,5.77E-01
203,High,W2,6.50E-01
204,High,W2,6.57E-01
205,High,W2,6.31E-01
206,High,W2,5.94E-01
207,High,W2,6.29E-01
208,High,W2,5.70E-01
209,High,W2,5.66E-01
210,High,W2,4.76E-01
211,High,W2,4.27E-01
212,High,W2,4.24E-01
213,High,W2,4.74E-01
214,High,W2,5.33E-01
215,High,W2,5.32E-01
216,High,W2,6.02E-01
217,High,W2,5.69E-01
218,High,W2,5.55E-01
219,High,W2,2.58E-01
220,High,W2,2.88E-01
221,High,W2,3.13E-01
222,High,W2,3.18E-01
223,High,W2,3.14E-01
224,High,W2,3.72E-01
225,High,W2,3.66E-01
226,High,W2,3.34E-01
227,High,W2,4.55E-01
228,High,W2,4.00E-01
0,Low,W2,1.05E-01
1,Low,W2,1.14E-01
2,Low,W2,1.02E-01
3,Low,W2,7.86E-02
4,Low,W2,7.59E-02
5,Low,W2,8.56E-02
6,Low,W2,9.48E-02
7,Low,W2,1.29E-01
8,Low,W2,1.37E-01
9,Low,W2,1.44E-01
10,Low,W2,1.40E-01
11,Low,W2,1.15E-01
12,Low,W2,8.56E-02
13,Low,W2,6.75E-02
14,Low,W2,7.67E-02
15,Low,W2,8.40E-02
16,Low,W2,5.68E-02
17,Low,W2,6.15E-02
18,Low,W2,7.67E-02
19,Low,W2,8.17E-02
20,Low,W2,8.40E-02
21,Low,W2,9.46E-02
22,Low,W2,9.85E-02
23,Low,W2,9.28E-02
24,Low,W2,1.07E-01
25,Low,W2,1.04E-01
26,Low,W2,7.90E-02
27,Low,W2,8.94E-02
28,Low,W2,1.57E-01
29,Low,W2,1.39E-01
30,Low,W2,9.97E-02
31,Low,W2,1.40E-01
32,Low,W2,1.95E-01
33,Low,W2,1.76E-01
34,Low,W2,1.85E-01
35,Low,W2,2.15E-01
36,Low,W2,2.37E-01
37,Low,W2,2.26E-01
38,Low,W2,1.57E-01
39,Low,W2,1.91E-01
40,Low,W2,1.63E-01
41,Low,W2,3.19E-01
42,Low,W2,3.12E-01
43,Low,W2,3.22E-01
44,Low,W2,3.36E-01
45,Low,W2,3.25E-01
46,Low,W2,3.18E-01
47,Low,W2,2.84E-01
48,Low,W2,2.70E-01
49,Low,W2,2.82E-01
50,Low,W2,3.03E-01
51,Low,W2,3.00E-01
52,Low,W2,3.00E-01
53,Low,W2,3.38E-01
54,Low,W2,3.28E-01
55,Low,W2,2.27E-01
56,Low,W2,2.60E-01
57,Low,W2,3.01E-01
58,Low,W2,2.78E-01
59,Low,W2,2.74E-01
60,Low,W2,3.24E-01
61,Low,W2,2.49E-01
62,Low,W2,2.42E-01
63,Low,W2,2.66E-01
64,Low,W2,2.72E-01
65,Low,W2,2.67E-01
66,Low,W2,2.49E-01
67,Low,W2,3.10E-01
68,Low,W2,2.92E-01
69,Low,W2,2.80E-01
70,Low,W2,2.93E-01
71,Low,W2,3.09E-01
72,Low,W2,3.27E-01
73,Low,W2,3.28E-01
74,Low,W2,2.94E-01
75,Low,W2,3.29E-01
76,Low,W2,2.98E-01
77,Low,W2,3.11E-01
78,Low,W2,2.73E-01
79,Low,W2,2.91E-01
80,Low,W2,3.02E-01
81,Low,W2,3.06E-01
82,Low,W2,3.01E-01
83,Low,W2,2.78E-01
84,Low,W2,3.10E-01
85,Low,W2,3.00E-01
86,Low,W2,2.72E-01
87,Low,W2,2.61E-01
88,Low,W2,2.37E-01
89,Low,W2,2.56E-01
90,Low,W2,2.35E-01
91,Low,W2,2.62E-01
92,Low,W2,2.84E-01
93,Low,W2,2.96E-01
94,Low,W2,2.68E-01
95,Low,W2,2.52E-01
96,Low,W2,2.37E-01
97,Low,W2,2.26E-01
98,Low,W2,2.33E-01
99,Low,W2,2.53E-01
100,Low,W2,2.62E-01
101,Low,W2,2.54E-01
102,Low,W2,2.07E-01
103,Low,W2,1.92E-01
104,Low,W2,1.94E-01
105,Low,W2,2.17E-01
106,Low,W2,1.79E-01
107,Low,W2,1.83E-01
108,Low,W2,2.04E-01
109,Low,W2,2.23E-01
110,Low,W2,2.83E-01
111,Low,W2,2.62E-01
112,Low,W2,2.82E-01
113,Low,W2,2.95E-01
114,Low,W2,1.64E-01
115,Low,W2,1.73E-01
116,Low,W2,1.66E-01
117,Low,W2,1.61E-01
118,Low,W2,2.58E-01
119,Low,W2,2.75E-01
120,Low,W2,2.92E-01
121,Low,W2,3.15E-01
122,Low,W2,3.14E-01
123,Low,W2,2.75E-01
124,Low,W2,2.92E-01
125,Low,W2,2.60E-01
126,Low,W2,2.55E-01
127,Low,W2,1.72E-01
128,Low,W2,1.81E-01
129,Low,W2,1.80E-01
130,Low,W2,1.98E-01
131,Low,W2,2.19E-01
132,Low,W2,2.02E-01
133,Low,W2,1.74E-01
134,Low,W2,3.47E-01
135,Low,W2,3.23E-01
136,Low,W2,3.03E-01
137,Low,W2,3.12E-01
138,Low,W2,3.42E-01
139,Low,W2,3.58E-01
140,Low,W2,3.77E-01
141,Low,W2,3.58E-01
142,Low,W2,3.85E-01
143,Low,W2,3.88E-01
144,Low,W2,3.60E-01
145,Low,W2,3.98E-01
146,Low,W2,4.10E-01
147,Low,W2,4.03E-01
148,Low,W2,4.00E-01
149,Low,W2,2.90E-01
150,Low,W2,3.12E-01
151,Low,W2,3.04E-01
152,Low,W2,2.68E-01
153,Low,W2,2.69E-01
154,Low,W2,3.53E-01
155,Low,W2,3.33E-01
156,Low,W2,3.08E-01
157,Low,W2,2.81E-01
158,Low,W2,2.79E-01
159,Low,W2,2.81E-01
160,Low,W2,2.52E-01
161,Low,W2,2.27E-01
162,Low,W2,1.97E-01
163,Low,W2,2.21E-01
164,Low,W2,2.17E-01
165,Low,W2,1.69E-01
166,Low,W2,4.23E-01
167,Low,W2,4.12E-01
168,Low,W2,4.10E-01
169,Low,W2,3.54E-01
170,Low,W2,3.68E-01
171,Low,W2,3.85E-01
172,Low,W2,3.83E-01
173,Low,W2,3.62E-01
174,Low,W2,3.72E-01
175,Low,W2,3.45E-01
176,Low,W2,3.50E-01
177,Low,W2,3.63E-01
178,Low,W2,3.55E-01
179,Low,W2,3.59E-01
180,Low,W2,3.54E-01
181,Low,W2,3.45E-01
182,Low,W2,3.78E-01
183,Low,W2,3.79E-01
184,Low,W2,3.69E-01
185,Low,W2,3.63E-01
186,Low,W2,3.98E-01
187,Low,W2,4.07E-01
188,Low,W2,4.01E-01
189,Low,W2,4.45E-01
190,Low,W2,4.52E-01
191,Low,W2,4.42E-01
192,Low,W2,4.17E-01
193,Low,W2,4.06E-01
194,Low,W2,4.24E-01
195,Low,W2,4.37E-01
196,Low,W2,4.19E-01
197,Low,W2,4.05E-01
198,Low,W2,4.49E-01
199,Low,W2,3.82E-01
200,Low,W2,3.92E-01
201,Low,W2,4.14E-01
202,Low,W2,3.88E-01
203,Low,W2,3.83E-01
204,Low,W2,3.92E-01
205,Low,W2,4.17E-01
206,Low,W2,4.30E-01
207,Low,W2,3.72E-01
208,Low,W2,4.69E-01
209,Low,W2,4.69E-01
210,Low,W2,4.50E-01
211,Low,W2,4.39E-01
212,Low,W2,4.33E-01
213,Low,W2,4.03E-01
214,Low,W2,4.10E-01
215,Low,W2,4.27E-01
216,Low,W2,3.57E-01
217,Low,W2,3.26E-01
218,Low,W2,3.41E-01
219,Low,W2,3.78E-01
220,Low,W2,2.23E-01
221,Low,W2,2.64E-01
222,Low,W2,2.79E-01
223,Low,W2,2.55E-01
224,Low,W2,1.90E-01
225,Low,W2,1.93E-01
226,Low,W2,2.99E-01
227,Low,W2,2.53E-01
228,Low,W2,2.23E-01
229,Low,W2,2.08E-01
0,High,W3,2.20E-01
1,High,W3,1.99E-01
2,High,W3,2.33E-01
3,High,W3,2.88E-01
4,High,W3,3.05E-01
5,High,W3,2.72E-01
6,High,W3,1.88E-01
7,High,W3,1.53E-01
8,High,W3,1.63E-01
9,High,W3,2.21E-01
10,High,W3,3.07E-01
11,High,W3,3.61E-01
12,High,W3,3.72E-01
13,High,W3,3.52E-01
14,High,W3,3.79E-01
15,High,W3,3.99E-01
16,High,W3,4.07E-01
17,High,W3,3.98E-01
18,High,W3,3.94E-01
19,High,W3,3.90E-01
20,High,W3,3.73E-01
21,High,W3,5.68E-01
22,High,W3,5.91E-01
23,High,W3,5.68E-01
24,High,W3,5.52E-01
25,High,W3,5.15E-01
26,High,W3,5.09E-01
27,High,W3,5.61E-01
28,High,W3,5.07E-01
29,High,W3,5.35E-01
30,High,W3,6.12E-01
31,High,W3,5.55E-01
32,High,W3,5.36E-01
33,High,W3,4.77E-01
34,High,W3,4.59E-01
35,High,W3,3.68E-01
36,High,W3,3.57E-01
37,High,W3,3.34E-01
38,High,W3,3.14E-01
39,High,W3,3.25E-01
40,High,W3,3.57E-01
41,High,W3,3.90E-01
42,High,W3,3.83E-01
43,High,W3,3.70E-01
44,High,W3,3.88E-01
45,High,W3,3.66E-01
46,High,W3,3.81E-01
47,High,W3,3.05E-01
48,High,W3,3.23E-01
49,High,W3,3.09E-01
50,High,W3,3.38E-01
51,High,W3,3.83E-01
52,High,W3,3.96E-01
53,High,W3,3.54E-01
54,High,W3,2.79E-01
55,High,W3,2.85E-01
56,High,W3,3.31E-01
57,High,W3,2.72E-01
58,High,W3,2.98E-01
59,High,W3,3.44E-01
60,High,W3,3.65E-01
61,High,W3,4.33E-01
62,High,W3,3.93E-01
63,High,W3,4.00E-01
64,High,W3,3.96E-01
65,High,W3,3.90E-01
66,High,W3,3.90E-01
67,High,W3,4.01E-01
68,High,W3,4.14E-01
69,High,W3,4.09E-01
70,High,W3,3.91E-01
71,High,W3,3.81E-01
72,High,W3,3.75E-01
73,High,W3,3.80E-01
74,High,W3,3.97E-01
75,High,W3,3.90E-01
76,High,W3,3.88E-01
77,High,W3,3.36E-01
78,High,W3,3.49E-01
79,High,W3,3.55E-01
80,High,W3,3.52E-01
81,High,W3,3.52E-01
82,High,W3,3.41E-01
83,High,W3,3.63E-01
84,High,W3,3.79E-01
85,High,W3,3.84E-01
86,High,W3,3.74E-01
87,High,W3,3.71E-01
88,High,W3,3.72E-01
89,High,W3,3.68E-01
90,High,W3,3.67E-01
91,High,W3,3.84E-01
92,High,W3,3.95E-01
93,High,W3,3.98E-01
94,High,W3,3.82E-01
95,High,W3,4.06E-01
96,High,W3,3.67E-01
97,High,W3,3.62E-01
98,High,W3,3.74E-01
99,High,W3,3.56E-01
100,High,W3,3.32E-01
101,High,W3,3.40E-01
102,High,W3,3.65E-01
103,High,W3,3.80E-01
104,High,W3,3.68E-01
105,High,W3,3.45E-01
106,High,W3,3.10E-01
107,High,W3,3.26E-01
108,High,W3,3.09E-01
109,High,W3,3.00E-01
110,High,W3,3.32E-01
111,High,W3,3.72E-01
112,High,W3,3.49E-01
113,High,W3,3.33E-01
114,High,W3,3.10E-01
115,High,W3,3.20E-01
116,High,W3,3.32E-01
117,High,W3,3.05E-01
118,High,W3,3.07E-01
119,High,W3,3.02E-01
120,High,W3,3.04E-01
121,High,W3,3.04E-01
122,High,W3,2.79E-01
123,High,W3,2.88E-01
124,High,W3,2.97E-01
125,High,W3,3.01E-01
126,High,W3,2.98E-01
127,High,W3,2.85E-01
128,High,W3,3.00E-01
129,High,W3,3.02E-01
130,High,W3,3.05E-01
131,High,W3,3.06E-01
132,High,W3,2.54E-01
133,High,W3,2.64E-01
134,High,W3,2.80E-01
135,High,W3,2.63E-01
136,High,W3,3.01E-01
137,High,W3,3.05E-01
138,High,W3,2.35E-01
139,High,W3,2.39E-01
140,High,W3,2.52E-01
141,High,W3,3.88E-01
142,High,W3,3.85E-01
143,High,W3,3.66E-01
144,High,W3,3.46E-01
145,High,W3,3.71E-01
146,High,W3,3.58E-01
147,High,W3,3.33E-01
148,High,W3,3.27E-01
149,High,W3,3.97E-01
150,High,W3,3.95E-01
151,High,W3,3.69E-01
152,High,W3,3.53E-01
153,High,W3,3.46E-01
154,High,W3,3.52E-01
155,High,W3,4.10E-01
156,High,W3,3.86E-01
157,High,W3,3.59E-01
158,High,W3,3.17E-01
159,High,W3,3.21E-01
160,High,W3,3.97E-01
161,High,W3,3.67E-01
162,High,W3,3.22E-01
163,High,W3,2.76E-01
164,High,W3,2.78E-01
165,High,W3,2.44E-01
166,High,W3,2.20E-01
167,High,W3,2.29E-01
168,High,W3,2.56E-01
169,High,W3,2.45E-01
170,High,W3,2.19E-01
171,High,W3,2.07E-01
172,High,W3,2.57E-01
173,High,W3,2.18E-01
174,High,W3,2.04E-01
175,High,W3,2.04E-01
176,High,W3,2.06E-01
177,High,W3,2.04E-01
178,High,W3,2.07E-01
179,High,W3,1.93E-01
180,High,W3,2.00E-01
181,High,W3,2.21E-01
182,High,W3,2.10E-01
183,High,W3,2.51E-01
184,High,W3,2.63E-01
185,High,W3,2.32E-01
186,High,W3,2.17E-01
187,High,W3,1.64E-01
188,High,W3,1.64E-01
189,High,W3,1.47E-01
190,High,W3,1.35E-01
191,High,W3,1.58E-01
192,High,W3,1.71E-01
193,High,W3,1.86E-01
194,High,W3,2.15E-01
195,High,W3,2.04E-01
196,High,W3,2.01E-01
197,High,W3,2.48E-01
198,High,W3,1.56E-01
199,High,W3,1.43E-01
200,High,W3,1.32E-01
201,High,W3,1.41E-01
202,High,W3,1.62E-01
203,High,W3,2.19E-01
204,High,W3,2.31E-01
205,High,W3,2.22E-01
206,High,W3,2.14E-01
207,High,W3,2.19E-01
208,High,W3,2.06E-01
209,High,W3,2.05E-01
210,High,W3,2.11E-01
211,High,W3,2.16E-01
212,High,W3,2.11E-01
213,High,W3,2.03E-01
214,High,W3,2.07E-01
215,High,W3,2.16E-01
216,High,W3,2.08E-01
217,High,W3,2.13E-01
218,High,W3,2.16E-01
219,High,W3,2.07E-01
220,High,W3,2.12E-01
221,High,W3,2.17E-01
222,High,W3,2.17E-01
223,High,W3,2.24E-01
224,High,W3,2.24E-01
225,High,W3,2.29E-01
226,High,W3,2.29E-01
227,High,W3,2.25E-01
228,High,W3,2.22E-01
229,High,W3,2.03E-01
230,High,W3,1.84E-01
231,High,W3,1.98E-01
232,High,W3,2.21E-01
233,High,W3,2.38E-01
234,High,W3,2.36E-01
235,High,W3,2.34E-01
236,High,W3,2.33E-01
237,High,W3,2.41E-01
238,High,W3,2.39E-01
239,High,W3,2.05E-01
240,High,W3,1.84E-01
241,High,W3,1.54E-01
242,High,W3,1.56E-01
243,High,W3,1.31E-01
244,High,W3,1.07E-01
245,High,W3,1.09E-01
246,High,W3,1.37E-01
247,High,W3,8.09E-02
248,High,W3,8.24E-02
249,High,W3,9.56E-02
250,High,W3,9.12E-02
251,High,W3,1.01E-01
252,High,W3,1.08E-01
253,High,W3,9.46E-02
254,High,W3,8.25E-02
255,High,W3,8.38E-02
256,High,W3,1.49E-01
257,High,W3,1.25E-01
258,High,W3,1.02E-01
259,High,W3,1.40E-01
260,High,W3,1.96E-01
261,High,W3,1.81E-01
262,High,W3,2.43E-01
263,High,W3,2.47E-01
264,High,W3,2.08E-01
265,High,W3,3.17E-01
266,High,W3,3.22E-01
267,High,W3,2.66E-01
268,High,W3,8.08E-02
269,High,W3,8.08E-02
270,High,W3,8.18E-02
271,High,W3,3.92E-01
272,High,W3,4.65E-01
273,High,W3,4.56E-01
274,High,W3,3.90E-01
275,High,W3,9.40E-02
276,High,W3,9.99E-02
277,High,W3,4.69E-01
278,High,W3,4.02E-01
279,High,W3,5.03E-01
280,High,W3,5.43E-01
281,High,W3,5.52E-01
282,High,W3,5.44E-01
283,High,W3,5.30E-01
284,High,W3,4.91E-01
285,High,W3,5.30E-01
286,High,W3,5.47E-01
287,High,W3,5.41E-01
288,High,W3,5.37E-01
289,High,W3,5.26E-01
290,High,W3,5.21E-01
291,High,W3,5.00E-01
292,High,W3,5.11E-01
293,High,W3,4.48E-01
294,High,W3,4.64E-01
295,High,W3,5.07E-01
296,High,W3,4.72E-01
297,High,W3,3.76E-01
298,High,W3,3.86E-01
299,High,W3,4.06E-01
300,High,W3,4.07E-01
301,High,W3,3.96E-01
302,High,W3,3.85E-01
303,High,W3,4.37E-01
304,High,W3,4.57E-01
305,High,W3,4.36E-01
306,High,W3,3.76E-01
307,High,W3,3.92E-01
308,High,W3,3.74E-01
309,High,W3,4.13E-01
310,High,W3,4.84E-01
311,High,W3,4.88E-01
312,High,W3,4.24E-01
313,High,W3,4.30E-01
314,High,W3,4.26E-01
315,High,W3,4.09E-01
316,High,W3,4.50E-01
317,High,W3,4.17E-01
318,High,W3,5.56E-01
319,High,W3,3.97E-01
320,High,W3,4.38E-01
0,Low,W3,3.59E-01
1,Low,W3,3.66E-01
2,Low,W3,3.53E-01
3,Low,W3,3.46E-01
4,Low,W3,5.14E-01
5,Low,W3,4.78E-01
6,Low,W3,5.14E-01
7,Low,W3,5.52E-01
8,Low,W3,3.35E-01
9,Low,W3,3.35E-01
10,Low,W3,3.51E-01
11,Low,W3,3.51E-01
12,Low,W3,3.87E-01
13,Low,W3,3.91E-01
14,Low,W3,4.00E-01
15,Low,W3,4.05E-01
16,Low,W3,4.04E-01
17,Low,W3,3.95E-01
18,Low,W3,3.98E-01
19,Low,W3,4.16E-01
20,Low,W3,4.18E-01
21,Low,W3,4.07E-01
22,Low,W3,3.83E-01
23,Low,W3,3.70E-01
24,Low,W3,3.53E-01
25,Low,W3,4.59E-01
26,Low,W3,4.74E-01
27,Low,W3,4.59E-01
28,Low,W3,4.45E-01
29,Low,W3,4.18E-01
30,Low,W3,4.17E-01
31,Low,W3,4.98E-01
32,Low,W3,4.78E-01
33,Low,W3,4.21E-01
34,Low,W3,4.01E-01
35,Low,W3,4.33E-01
36,Low,W3,4.45E-01
37,Low,W3,4.26E-01
38,Low,W3,3.84E-01
39,Low,W3,3.75E-01
40,Low,W3,3.01E-01
41,Low,W3,2.98E-01
42,Low,W3,2.82E-01
43,Low,W3,2.64E-01
44,Low,W3,2.67E-01
45,Low,W3,2.90E-01
46,Low,W3,3.16E-01
47,Low,W3,3.23E-01
48,Low,W3,3.13E-01
49,Low,W3,3.27E-01
50,Low,W3,3.05E-01
51,Low,W3,3.26E-01
52,Low,W3,2.48E-01
53,Low,W3,2.31E-01
54,Low,W3,2.49E-01
55,Low,W3,2.88E-01
56,Low,W3,3.02E-01
57,Low,W3,2.82E-01
58,Low,W3,2.42E-01
59,Low,W3,3.10E-01
60,Low,W3,3.13E-01
61,Low,W3,2.93E-01
62,Low,W3,2.63E-01
63,Low,W3,2.66E-01
64,Low,W3,3.11E-01
65,Low,W3,2.95E-01
66,Low,W3,2.53E-01
67,Low,W3,3.49E-01
68,Low,W3,3.26E-01
69,Low,W3,2.48E-01
70,Low,W3,2.77E-01
71,Low,W3,3.31E-01
72,Low,W3,3.48E-01
73,Low,W3,3.39E-01
74,Low,W3,3.24E-01
75,Low,W3,2.82E-01
76,Low,W3,2.06E-01
77,Low,W3,2.56E-01
78,Low,W3,2.02E-01
79,Low,W3,1.81E-01
80,Low,W3,3.53E-01
81,Low,W3,3.80E-01
82,Low,W3,3.85E-01
83,Low,W3,3.74E-01
84,Low,W3,1.53E-01
85,Low,W3,1.49E-01
86,Low,W3,1.78E-01
87,Low,W3,2.08E-01
88,Low,W3,3.23E-01
89,Low,W3,3.26E-01
90,Low,W3,3.23E-01
91,Low,W3,3.24E-01
92,Low,W3,3.18E-01
93,Low,W3,3.14E-01
94,Low,W3,3.34E-01
95,Low,W3,3.44E-01
96,Low,W3,3.47E-01
97,Low,W3,3.40E-01
98,Low,W3,3.36E-01
99,Low,W3,3.45E-01
100,Low,W3,3.39E-01
101,Low,W3,3.60E-01
102,Low,W3,3.68E-01
103,Low,W3,3.72E-01
104,Low,W3,3.57E-01
105,Low,W3,3.71E-01
106,Low,W3,3.86E-01
107,Low,W3,3.39E-01
108,Low,W3,3.32E-01
109,Low,W3,3.16E-01
110,Low,W3,3.32E-01
111,Low,W3,3.36E-01
112,Low,W3,3.38E-01
113,Low,W3,3.32E-01
114,Low,W3,3.46E-01
115,Low,W3,3.49E-01
116,Low,W3,3.45E-01
117,Low,W3,3.42E-01
118,Low,W3,3.50E-01
119,Low,W3,3.48E-01
120,Low,W3,3.44E-01
121,Low,W3,3.34E-01
122,Low,W3,3.52E-01
123,Low,W3,3.64E-01
124,Low,W3,3.65E-01
125,Low,W3,3.42E-01
126,Low,W3,3.26E-01
127,Low,W3,3.36E-01
128,Low,W3,3.42E-01
129,Low,W3,3.22E-01
130,Low,W3,3.02E-01
131,Low,W3,3.05E-01
132,Low,W3,3.63E-01
133,Low,W3,3.62E-01
134,Low,W3,3.42E-01
135,Low,W3,3.24E-01
136,Low,W3,3.00E-01
137,Low,W3,3.05E-01
138,Low,W3,3.35E-01
139,Low,W3,3.12E-01
140,Low,W3,3.84E-01
141,Low,W3,3.82E-01
142,Low,W3,3.73E-01
143,Low,W3,3.67E-01
144,Low,W3,3.78E-01
145,Low,W3,3.97E-01
146,Low,W3,3.94E-01
147,Low,W3,3.98E-01
148,Low,W3,3.99E-01
149,Low,W3,3.78E-01
150,Low,W3,3.60E-01
151,Low,W3,4.04E-01
152,Low,W3,4.06E-01
153,Low,W3,4.08E-01
154,Low,W3,4.08E-01
155,Low,W3,3.45E-01
156,Low,W3,3.35E-01
157,Low,W3,3.18E-01
158,Low,W3,3.04E-01
159,Low,W3,3.18E-01
160,Low,W3,3.09E-01
161,Low,W3,2.92E-01
162,Low,W3,2.89E-01
163,Low,W3,3.33E-01
164,Low,W3,3.16E-01
165,Low,W3,3.34E-01
166,Low,W3,2.78E-01
167,Low,W3,2.41E-01
168,Low,W3,2.36E-01
169,Low,W3,2.62E-01
170,Low,W3,2.93E-01
171,Low,W3,3.03E-01
172,Low,W3,2.19E-01
173,Low,W3,1.94E-01
174,Low,W3,1.98E-01
175,Low,W3,2.18E-01
176,Low,W3,2.62E-01
177,Low,W3,2.78E-01
178,Low,W3,2.98E-01
179,Low,W3,3.12E-01
180,Low,W3,3.03E-01
181,Low,W3,3.42E-01
182,Low,W3,3.34E-01
183,Low,W3,1.84E-01
184,Low,W3,1.83E-01
185,Low,W3,1.95E-01
186,Low,W3,1.96E-01
187,Low,W3,1.91E-01
188,Low,W3,1.81E-01
189,Low,W3,1.85E-01
190,Low,W3,1.87E-01
191,Low,W3,1.78E-01
192,Low,W3,1.70E-01
193,Low,W3,1.89E-01
194,Low,W3,1.91E-01
195,Low,W3,1.81E-01
196,Low,W3,2.07E-01
197,Low,W3,2.10E-01
198,Low,W3,1.75E-01
199,Low,W3,1.51E-01
200,Low,W3,1.55E-01
201,Low,W3,1.50E-01
202,Low,W3,1.39E-01
203,Low,W3,1.40E-01
204,Low,W3,1.55E-01
205,Low,W3,1.60E-01
206,Low,W3,1.62E-01
207,Low,W3,3.67E-01
208,Low,W3,3.72E-01
209,Low,W3,3.42E-01
210,Low,W3,3.51E-01
211,Low,W3,3.49E-01
212,Low,W3,3.32E-01
213,Low,W3,3.28E-01
214,Low,W3,3.37E-01
215,Low,W3,3.54E-01
216,Low,W3,3.58E-01
217,Low,W3,3.36E-01
218,Low,W3,3.45E-01
219,Low,W3,3.46E-01
220,Low,W3,3.28E-01
221,Low,W3,3.30E-01
222,Low,W3,3.39E-01
223,Low,W3,3.60E-01
224,Low,W3,3.42E-01
225,Low,W3,3.51E-01
226,Low,W3,3.63E-01
227,Low,W3,3.19E-01
228,Low,W3,2.99E-01
229,Low,W3,2.61E-01
230,Low,W3,2.38E-01
231,Low,W3,2.70E-01
232,Low,W3,3.15E-01
233,Low,W3,3.16E-01
234,Low,W3,3.46E-01
235,Low,W3,3.44E-01
236,Low,W3,3.33E-01
237,Low,W3,3.73E-01
238,Low,W3,3.81E-01
239,Low,W3,2.56E-01
240,Low,W3,2.17E-01
241,Low,W3,1.77E-01
242,Low,W3,1.91E-01
243,Low,W3,1.15E-01
244,Low,W3,1.11E-01
245,Low,W3,1.37E-01
246,Low,W3,1.77E-01
247,Low,W3,1.44E-01
248,Low,W3,9.35E-02
249,Low,W3,7.87E-02
250,Low,W3,8.68E-02
251,Low,W3,1.29E-01
252,Low,W3,1.19E-01
253,Low,W3,9.47E-02
254,Low,W3,8.12E-02
255,Low,W3,8.64E-02
256,Low,W3,1.10E-01
257,Low,W3,2.05E-01
258,Low,W3,1.50E-01
259,Low,W3,1.72E-01
260,Low,W3,2.16E-01
261,Low,W3,2.60E-01
262,Low,W3,2.97E-01
263,Low,W3,3.69E-01
264,Low,W3,3.43E-01
265,Low,W3,7.30E-02
266,Low,W3,7.02E-02
267,Low,W3,7.23E-02
268,Low,W3,8.01E-02
269,Low,W3,4.59E-01
270,Low,W3,5.21E-01
271,Low,W3,4.03E-01
272,Low,W3,9.68E-02
273,Low,W3,1.04E-01
274,Low,W3,5.74E-01
275,Low,W3,5.68E-01
276,Low,W3,5.53E-01
277,Low,W3,5.45E-01
278,Low,W3,5.15E-01
279,Low,W3,5.34E-01
280,Low,W3,5.40E-01
281,Low,W3,5.22E-01
282,Low,W3,5.24E-01
283,Low,W3,5.04E-01
284,Low,W3,4.88E-01
285,Low,W3,4.58E-01
286,Low,W3,4.74E-01
287,Low,W3,4.00E-01
288,Low,W3,4.14E-01
289,Low,W3,4.72E-01
290,Low,W3,4.29E-01
291,Low,W3,3.64E-01
292,Low,W3,3.74E-01
293,Low,W3,3.53E-01
294,Low,W3,3.34E-01
295,Low,W3,3.19E-01
296,Low,W3,3.07E-01
297,Low,W3,3.21E-01
298,Low,W3,3.17E-01
299,Low,W3,3.38E-01
300,Low,W3,3.31E-01
301,Low,W3,3.99E-01
302,Low,W3,3.03E-01
303,Low,W3,3.28E-01
304,Low,W3,3.81E-01
305,Low,W3,3.64E-01
306,Low,W3,3.93E-01
307,Low,W3,3.69E-01
308,Low,W3,4.57E-01
309,Low,W3,4.95E-01
0,Low,W4,2.38E-01
1,Low,W4,2.17E-01
2,Low,W4,2.15E-01
3,Low,W4,2.36E-01
4,Low,W4,3.06E-01
5,Low,W4,2.99E-01
6,Low,W4,3.00E-01
7,Low,W4,3.05E-01
8,Low,W4,3.14E-01
9,Low,W4,3.15E-01
10,Low,W4,2.96E-01
11,Low,W4,2.98E-01
12,Low,W4,3.03E-01
13,Low,W4,3.05E-01
14,Low,W4,3.06E-01
15,Low,W4,2.91E-01
16,Low,W4,2.88E-01
17,Low,W4,2.95E-01
18,Low,W4,3.01E-01
19,Low,W4,3.18E-01
20,Low,W4,3.34E-01
21,Low,W4,3.58E-01
22,Low,W4,3.52E-01
23,Low,W4,3.28E-01
24,Low,W4,3.10E-01
25,Low,W4,2.98E-01
26,Low,W4,2.91E-01
27,Low,W4,2.97E-01
28,Low,W4,3.13E-01
29,Low,W4,3.21E-01
30,Low,W4,3.12E-01
31,Low,W4,3.20E-01
32,Low,W4,3.14E-01
33,Low,W4,3.37E-01
34,Low,W4,3.33E-01
35,Low,W4,3.28E-01
36,Low,W4,3.56E-01
37,Low,W4,3.57E-01
38,Low,W4,3.06E-01
39,Low,W4,3.84E-01
40,Low,W4,4.15E-01
41,Low,W4,4.08E-01
42,Low,W4,3.77E-01
43,Low,W4,3.98E-01
44,Low,W4,4.48E-01
45,Low,W4,4.49E-01
46,Low,W4,3.67E-01
47,Low,W4,2.43E-01
48,Low,W4,2.02E-01
49,Low,W4,1.83E-01
50,Low,W4,2.00E-01
51,Low,W4,2.45E-01
52,Low,W4,2.71E-01
53,Low,W4,1.51E-01
54,Low,W4,1.80E-01
55,Low,W4,1.55E-01
56,Low,W4,1.42E-01
57,Low,W4,1.49E-01
58,Low,W4,1.88E-01
59,Low,W4,1.63E-01
60,Low,W4,1.33E-01
61,Low,W4,1.22E-01
62,Low,W4,1.24E-01
63,Low,W4,1.62E-01
64,Low,W4,1.49E-01
65,Low,W4,1.35E-01
66,Low,W4,1.17E-01
67,Low,W4,1.13E-01
68,Low,W4,1.27E-01
69,Low,W4,1.58E-01
70,Low,W4,1.50E-01
71,Low,W4,1.35E-01
72,Low,W4,1.31E-01
73,Low,W4,1.64E-01
74,Low,W4,1.61E-01
75,Low,W4,1.42E-01
76,Low,W4,2.66E-01
77,Low,W4,2.28E-01
78,Low,W4,2.03E-01
79,Low,W4,2.14E-01
80,Low,W4,2.57E-01
81,Low,W4,1.78E-01
82,Low,W4,1.93E-01
83,Low,W4,2.17E-01
84,Low,W4,3.22E-01
85,Low,W4,3.38E-01
86,Low,W4,2.84E-01
87,Low,W4,2.31E-01
88,Low,W4,3.85E-01
89,Low,W4,4.82E-01
90,Low,W4,5.14E-01
91,Low,W4,4.30E-01
92,Low,W4,5.86E-01
93,Low,W4,5.79E-01
94,Low,W4,5.45E-01
95,Low,W4,4.65E-01
96,Low,W4,5.47E-01
97,Low,W4,5.49E-01
98,Low,W4,5.70E-01
99,Low,W4,5.31E-01
100,Low,W4,4.52E-01
101,Low,W4,4.76E-01
102,Low,W4,5.49E-01
103,Low,W4,4.85E-01
104,Low,W4,3.81E-01
105,Low,W4,4.08E-01
106,Low,W4,4.07E-01
107,Low,W4,3.69E-01
108,Low,W4,3.62E-01
109,Low,W4,3.72E-01
110,Low,W4,4.61E-01
111,Low,W4,4.20E-01
112,Low,W4,4.13E-01
113,Low,W4,4.53E-01
114,Low,W4,3.77E-01
115,Low,W4,3.27E-01
116,Low,W4,3.31E-01
117,Low,W4,3.26E-01
118,Low,W4,3.65E-01
119,Low,W4,3.47E-01
120,Low,W4,2.74E-01
121,Low,W4,3.39E-01
122,Low,W4,3.99E-01
123,Low,W4,3.83E-01
124,Low,W4,4.31E-01
125,Low,W4,3.42E-01
126,Low,W4,3.78E-01
127,Low,W4,3.89E-01
128,Low,W4,4.11E-01
129,Low,W4,4.57E-01
130,Low,W4,2.23E-01
131,Low,W4,2.10E-01
132,Low,W4,2.58E-01
133,Low,W4,2.50E-01
134,Low,W4,2.79E-01
135,Low,W4,2.92E-01
136,Low,W4,3.33E-01
137,Low,W4,3.46E-01
138,Low,W4,3.75E-01
139,Low,W4,3.90E-01
140,Low,W4,3.84E-01
141,Low,W4,3.64E-01
142,Low,W4,3.43E-01
143,Low,W4,3.88E-01
144,Low,W4,4.16E-01
145,Low,W4,4.14E-01
146,Low,W4,2.88E-01
147,Low,W4,2.79E-01
148,Low,W4,2.97E-01
149,Low,W4,3.17E-01
150,Low,W4,4.59E-01
151,Low,W4,4.31E-01
152,Low,W4,4.38E-01
153,Low,W4,4.63E-01
154,Low,W4,2.65E-01
155,Low,W4,3.15E-01
156,Low,W4,2.92E-01
157,Low,W4,2.69E-01
158,Low,W4,5.38E-01
159,Low,W4,5.47E-01
160,Low,W4,5.60E-01
161,Low,W4,5.56E-01
162,Low,W4,5.58E-01
163,Low,W4,5.53E-01
164,Low,W4,5.55E-01
165,Low,W4,5.41E-01
166,Low,W4,5.28E-01
167,Low,W4,5.39E-01
168,Low,W4,5.33E-01
169,Low,W4,5.14E-01
170,Low,W4,5.12E-01
171,Low,W4,5.18E-01
172,Low,W4,5.27E-01
173,Low,W4,5.19E-01
174,Low,W4,5.50E-01
175,Low,W4,4.92E-01
176,Low,W4,5.03E-01
177,Low,W4,5.16E-01
178,Low,W4,4.95E-01
179,Low,W4,4.89E-01
180,Low,W4,5.80E-01
181,Low,W4,5.93E-01
182,Low,W4,5.85E-01
183,Low,W4,5.71E-01
184,Low,W4,5.60E-01
185,Low,W4,5.61E-01
186,Low,W4,5.44E-01
187,Low,W4,5.62E-01
188,Low,W4,5.46E-01
189,Low,W4,5.34E-01
190,Low,W4,5.64E-01
191,Low,W4,5.52E-01
192,Low,W4,5.37E-01
193,Low,W4,5.81E-01
194,Low,W4,5.98E-01
195,Low,W4,6.04E-01
196,Low,W4,6.01E-01
197,Low,W4,5.84E-01
198,Low,W4,5.62E-01
199,Low,W4,5.60E-01
200,Low,W4,5.41E-01
201,Low,W4,5.38E-01
202,Low,W4,5.74E-01
203,Low,W4,5.29E-01
204,Low,W4,5.23E-01
205,Low,W4,5.46E-01
206,Low,W4,5.71E-01
207,Low,W4,5.83E-01
208,Low,W4,5.34E-01
209,Low,W4,5.36E-01
210,Low,W4,5.50E-01
211,Low,W4,5.09E-01
212,Low,W4,5.00E-01
213,Low,W4,4.82E-01
214,Low,W4,4.90E-01
215,Low,W4,4.82E-01
216,Low,W4,4.63E-01
217,Low,W4,5.10E-01
218,Low,W4,5.05E-01
219,Low,W4,5.10E-01
220,Low,W4,5.23E-01
221,Low,W4,5.28E-01
222,Low,W4,5.20E-01
223,Low,W4,5.06E-01
224,Low,W4,5.12E-01
225,Low,W4,5.24E-01
226,Low,W4,5.32E-01
227,Low,W4,5.43E-01
228,Low,W4,5.47E-01
229,Low,W4,5.43E-01
230,Low,W4,5.31E-01
231,Low,W4,5.53E-01
232,Low,W4,5.26E-01
233,Low,W4,5.10E-01
234,Low,W4,5.03E-01
235,Low,W4,4.99E-01
236,Low,W4,4.92E-01
237,Low,W4,4.94E-01
238,Low,W4,4.94E-01
239,Low,W4,5.04E-01
240,Low,W4,5.14E-01
241,Low,W4,5.14E-01
242,Low,W4,4.99E-01
243,Low,W4,4.90E-01
244,Low,W4,4.84E-01
245,Low,W4,4.83E-01
246,Low,W4,4.92E-01
247,Low,W4,4.77E-01
248,Low,W4,4.67E-01
249,Low,W4,4.73E-01
250,Low,W4,4.89E-01
251,Low,W4,4.83E-01
252,Low,W4,4.77E-01
253,Low,W4,4.73E-01
254,Low,W4,4.77E-01
255,Low,W4,4.86E-01
256,Low,W4,4.94E-01
257,Low,W4,5.00E-01
258,Low,W4,4.85E-01
259,Low,W4,4.82E-01
260,Low,W4,4.80E-01
261,Low,W4,4.77E-01
262,Low,W4,4.89E-01
263,Low,W4,4.90E-01
264,Low,W4,5.07E-01
265,Low,W4,4.99E-01
266,Low,W4,4.77E-01
267,Low,W4,4.88E-01
268,Low,W4,5.10E-01
269,Low,W4,5.11E-01
270,Low,W4,5.18E-01
271,Low,W4,5.27E-01
272,Low,W4,5.25E-01
273,Low,W4,5.09E-01
274,Low,W4,5.12E-01
275,Low,W4,5.22E-01
276,Low,W4,5.10E-01
277,Low,W4,5.06E-01
278,Low,W4,5.29E-01
279,Low,W4,5.23E-01
280,Low,W4,1.91E-01
281,Low,W4,1.83E-01
282,Low,W4,1.89E-01
283,Low,W4,2.05E-01
284,Low,W4,1.73E-01
285,Low,W4,1.72E-01
286,Low,W4,1.75E-01
287,Low,W4,1.82E-01
288,Low,W4,1.86E-01
289,Low,W4,1.77E-01
290,Low,W4,1.81E-01
291,Low,W4,1.82E-01
292,Low,W4,1.82E-01
293,Low,W4,1.89E-01
294,Low,W4,1.88E-01
295,Low,W4,1.80E-01
296,Low,W4,1.86E-01
297,Low,W4,1.95E-01
298,Low,W4,2.13E-01
299,Low,W4,2.22E-01
300,Low,W4,2.08E-01
301,Low,W4,1.93E-01
302,Low,W4,1.86E-01
303,Low,W4,1.79E-01
304,Low,W4,1.78E-01
305,Low,W4,2.15E-01
306,Low,W4,2.06E-01
307,Low,W4,1.93E-01
308,Low,W4,2.16E-01
309,Low,W4,2.15E-01
310,Low,W4,2.06E-01
311,Low,W4,1.93E-01
312,Low,W4,2.43E-01
313,Low,W4,2.52E-01
314,Low,W4,2.36E-01
315,Low,W4,2.31E-01
316,Low,W4,2.29E-01
317,Low,W4,2.58E-01
318,Low,W4,2.45E-01
319,Low,W4,2.32E-01
320,Low,W4,2.24E-01
321,Low,W4,2.20E-01
322,Low,W4,2.12E-01
323,Low,W4,2.24E-01
324,Low,W4,2.22E-01
325,Low,W4,2.25E-01
326,Low,W4,2.20E-01
327,Low,W4,2.09E-01
328,Low,W4,2.21E-01
329,Low,W4,2.21E-01
0,High,W4,2.93E-01
1,High,W4,2.97E-01
2,High,W4,3.09E-01
3,High,W4,3.04E-01
4,High,W4,2.88E-01
5,High,W4,2.89E-01
6,High,W4,2.88E-01
7,High,W4,2.89E-01
8,High,W4,2.94E-01
9,High,W4,2.92E-01
10,High,W4,3.06E-01
11,High,W4,2.93E-01
12,High,W4,2.87E-01
13,High,W4,2.93E-01
14,High,W4,3.01E-01
15,High,W4,3.08E-01
16,High,W4,3.04E-01
17,High,W4,3.31E-01
18,High,W4,3.21E-01
19,High,W4,3.24E-01
20,High,W4,3.35E-01
21,High,W4,3.48E-01
22,High,W4,3.47E-01
23,High,W4,3.09E-01
24,High,W4,3.23E-01
25,High,W4,3.65E-01
26,High,W4,3.87E-01
27,High,W4,3.80E-01
28,High,W4,3.57E-01
29,High,W4,4.15E-01
30,High,W4,4.36E-01
31,High,W4,4.19E-01
32,High,W4,3.90E-01
33,High,W4,4.39E-01
34,High,W4,4.79E-01
35,High,W4,4.70E-01
36,High,W4,4.08E-01
37,High,W4,1.07E-01
38,High,W4,1.29E-01
39,High,W4,1.41E-01
40,High,W4,1.30E-01
41,High,W4,1.11E-01
42,High,W4,1.00E-01
43,High,W4,1.73E-01
44,High,W4,1.88E-01
45,High,W4,1.69E-01
46,High,W4,1.43E-01
47,High,W4,1.36E-01
48,High,W4,1.20E-01
49,High,W4,1.08E-01
50,High,W4,8.72E-02
51,High,W4,9.69E-02
52,High,W4,8.72E-02
53,High,W4,1.22E-01
54,High,W4,1.13E-01
55,High,W4,1.00E-01
56,High,W4,8.50E-02
57,High,W4,8.07E-02
58,High,W4,9.48E-02
59,High,W4,1.21E-01
60,High,W4,1.15E-01
61,High,W4,1.02E-01
62,High,W4,9.84E-02
63,High,W4,1.27E-01
64,High,W4,1.24E-01
65,High,W4,1.08E-01
66,High,W4,1.64E-01
67,High,W4,1.56E-01
68,High,W4,1.37E-01
69,High,W4,1.49E-01
70,High,W4,1.64E-01
71,High,W4,1.42E-01
72,High,W4,1.32E-01
73,High,W4,1.75E-01
74,High,W4,2.04E-01
75,High,W4,1.95E-01
76,High,W4,1.75E-01
77,High,W4,2.41E-01
78,High,W4,2.50E-01
79,High,W4,2.13E-01
80,High,W4,3.14E-01
81,High,W4,3.41E-01
82,High,W4,2.92E-01
83,High,W4,2.29E-01
84,High,W4,3.73E-01
85,High,W4,4.37E-01
86,High,W4,4.50E-01
87,High,W4,4.14E-01
88,High,W4,4.58E-01
89,High,W4,4.63E-01
90,High,W4,4.34E-01
91,High,W4,4.70E-01
92,High,W4,4.35E-01
93,High,W4,4.11E-01
94,High,W4,4.29E-01
95,High,W4,4.64E-01
96,High,W4,3.23E-01
97,High,W4,3.25E-01
98,High,W4,2.94E-01
99,High,W4,2.57E-01
100,High,W4,2.43E-01
101,High,W4,2.78E-01
102,High,W4,3.36E-01
103,High,W4,3.15E-01
104,High,W4,3.04E-01
105,High,W4,2.93E-01
106,High,W4,1.98E-01
107,High,W4,2.26E-01
108,High,W4,3.21E-01
109,High,W4,2.92E-01
110,High,W4,2.96E-01
111,High,W4,3.47E-01
112,High,W4,3.45E-01
113,High,W4,3.28E-01
114,High,W4,3.30E-01
115,High,W4,3.56E-01
116,High,W4,3.79E-01
117,High,W4,3.70E-01
118,High,W4,3.31E-01
119,High,W4,3.12E-01
120,High,W4,3.84E-01
121,High,W4,4.16E-01
122,High,W4,2.76E-01
123,High,W4,2.80E-01
124,High,W4,2.89E-01
125,High,W4,2.60E-01
126,High,W4,2.39E-01
127,High,W4,2.42E-01
128,High,W4,2.57E-01
129,High,W4,2.17E-01
130,High,W4,2.05E-01
131,High,W4,2.09E-01
132,High,W4,2.24E-01
133,High,W4,2.73E-01
134,High,W4,3.07E-01
135,High,W4,3.18E-01
136,High,W4,2.94E-01
137,High,W4,2.66E-01
138,High,W4,2.57E-01
139,High,W4,3.23E-01
140,High,W4,3.63E-01
141,High,W4,3.77E-01
142,High,W4,3.49E-01
143,High,W4,2.37E-01
144,High,W4,2.54E-01
145,High,W4,2.39E-01
146,High,W4,2.31E-01
147,High,W4,4.57E-01
148,High,W4,4.45E-01
149,High,W4,4.07E-01
150,High,W4,3.72E-01
151,High,W4,4.19E-01
152,High,W4,5.02E-01
153,High,W4,4.50E-01
154,High,W4,5.01E-01
155,High,W4,5.16E-01
156,High,W4,5.43E-01
157,High,W4,5.33E-01
158,High,W4,5.51E-01
159,High,W4,5.47E-01
160,High,W4,6.27E-01
161,High,W4,6.08E-01
162,High,W4,6.09E-01
163,High,W4,6.27E-01
164,High,W4,6.38E-01
165,High,W4,6.39E-01
166,High,W4,5.99E-01
167,High,W4,5.99E-01
168,High,W4,6.25E-01
169,High,W4,6.07E-01
170,High,W4,6.32E-01
171,High,W4,6.41E-01
172,High,W4,6.32E-01
173,High,W4,6.35E-01
174,High,W4,6.27E-01
175,High,W4,6.09E-01
176,High,W4,5.92E-01
177,High,W4,6.07E-01
178,High,W4,6.03E-01
179,High,W4,5.76E-01
180,High,W4,5.62E-01
181,High,W4,5.72E-01
182,High,W4,5.88E-01
183,High,W4,6.01E-01
184,High,W4,5.75E-01
185,High,W4,5.56E-01
186,High,W4,5.55E-01
187,High,W4,5.64E-01
188,High,W4,5.91E-01
189,High,W4,6.34E-01
190,High,W4,6.58E-01
191,High,W4,6.46E-01
192,High,W4,6.07E-01
193,High,W4,5.77E-01
194,High,W4,6.06E-01
195,High,W4,6.39E-01
196,High,W4,5.58E-01
197,High,W4,5.67E-01
198,High,W4,5.95E-01
199,High,W4,5.30E-01
200,High,W4,5.26E-01
201,High,W4,5.52E-01
202,High,W4,6.69E-01
203,High,W4,6.63E-01
204,High,W4,6.35E-01
205,High,W4,6.03E-01
206,High,W4,5.89E-01
207,High,W4,6.88E-01
208,High,W4,7.06E-01
209,High,W4,7.00E-01
210,High,W4,6.87E-01
211,High,W4,6.82E-01
212,High,W4,6.59E-01
213,High,W4,6.36E-01
214,High,W4,7.16E-01
215,High,W4,7.10E-01
216,High,W4,6.51E-01
217,High,W4,6.95E-01
218,High,W4,6.84E-01
219,High,W4,6.62E-01
220,High,W4,6.89E-01
221,High,W4,6.76E-01
222,High,W4,6.56E-01
223,High,W4,6.48E-01
224,High,W4,5.21E-01
225,High,W4,4.86E-01
226,High,W4,5.94E-01
227,High,W4,6.14E-01
228,High,W4,6.25E-01
229,High,W4,6.19E-01
230,High,W4,6.02E-01
231,High,W4,5.87E-01
232,High,W4,6.30E-01
233,High,W4,6.42E-01
234,High,W4,6.41E-01
235,High,W4,6.18E-01
236,High,W4,6.26E-01
237,High,W4,6.07E-01
238,High,W4,6.12E-01
239,High,W4,6.33E-01
240,High,W4,6.11E-01
241,High,W4,6.25E-01
242,High,W4,6.34E-01
243,High,W4,6.45E-01
244,High,W4,6.49E-01
245,High,W4,6.54E-01
246,High,W4,6.30E-01
247,High,W4,6.45E-01
248,High,W4,6.55E-01
249,High,W4,6.79E-01
250,High,W4,6.68E-01
251,High,W4,6.52E-01
252,High,W4,6.44E-01
253,High,W4,6.73E-01
254,High,W4,6.68E-01
255,High,W4,6.17E-01
256,High,W4,6.14E-01
257,High,W4,6.07E-01
258,High,W4,6.02E-01
259,High,W4,6.05E-01
260,High,W4,6.13E-01
261,High,W4,6.01E-01
262,High,W4,5.93E-01
263,High,W4,5.95E-01
264,High,W4,5.95E-01
265,High,W4,5.92E-01
266,High,W4,6.02E-01
267,High,W4,6.13E-01
268,High,W4,6.22E-01
269,High,W4,6.29E-01
270,High,W4,5.68E-01
271,High,W4,1.99E-01
272,High,W4,2.04E-01
273,High,W4,2.17E-01
274,High,W4,2.27E-01
275,High,W4,2.00E-01
276,High,W4,2.08E-01
277,High,W4,2.16E-01
278,High,W4,2.19E-01
279,High,W4,1.91E-01
280,High,W4,1.92E-01
281,High,W4,2.06E-01
282,High,W4,2.14E-01
283,High,W4,2.31E-01
284,High,W4,2.30E-01
285,High,W4,2.20E-01
286,High,W4,2.50E-01
287,High,W4,2.69E-01
288,High,W4,2.62E-01
289,High,W4,2.44E-01
290,High,W4,2.34E-01
291,High,W4,2.26E-01
292,High,W4,2.37E-01
293,High,W4,2.27E-01
294,High,W4,2.74E-01
295,High,W4,2.68E-01
296,High,W4,2.56E-01
297,High,W4,2.42E-01
298,High,W4,2.62E-01
299,High,W4,2.59E-01
300,High,W4,2.47E-01
301,High,W4,2.36E-01
302,High,W4,2.53E-01
303,High,W4,2.45E-01
304,High,W4,2.39E-01
305,High,W4,2.62E-01
306,High,W4,2.64E-01
307,High,W4,2.58E-01
308,High,W4,2.52E-01
309,High,W4,2.47E-01
310,High,W4,2.39E-01
311,High,W4,2.47E-01
312,High,W4,2.45E-01
313,High,W4,2.43E-01
314,High,W4,2.41E-01
315,High,W4,2.33E-01
0,High,W5,5.65E-01
1,High,W5,6.17E-01
2,High,W5,5.85E-01
3,High,W5,5.29E-01
4,High,W5,5.15E-01
5,High,W5,5.19E-01
6,High,W5,6.96E-01
7,High,W5,6.15E-01
8,High,W5,6.59E-01
9,High,W5,6.76E-01
10,High,W5,7.11E-01
11,High,W5,4.92E-01
12,High,W5,5.09E-01
13,High,W5,5.10E-01
14,High,W5,4.89E-01
15,High,W5,4.74E-01
16,High,W5,4.87E-01
17,High,W5,4.60E-01
18,High,W5,4.44E-01
19,High,W5,7.99E-01
20,High,W5,8.15E-01
21,High,W5,8.06E-01
22,High,W5,7.56E-01
23,High,W5,7.37E-01
24,High,W5,7.70E-01
25,High,W5,7.92E-01
26,High,W5,7.42E-01
27,High,W5,6.86E-01
28,High,W5,6.86E-01
29,High,W5,6.69E-01
30,High,W5,6.50E-01
31,High,W5,6.80E-01
32,High,W5,7.33E-01
33,High,W5,7.32E-01
34,High,W5,6.54E-01
35,High,W5,6.75E-01
36,High,W5,7.00E-01
37,High,W5,6.33E-01
38,High,W5,6.57E-01
39,High,W5,6.15E-01
40,High,W5,6.12E-01
41,High,W5,7.68E-01
42,High,W5,7.04E-01
43,High,W5,5.29E-01
44,High,W5,5.23E-01
45,High,W5,4.90E-01
46,High,W5,4.63E-01
47,High,W5,4.60E-01
48,High,W5,4.93E-01
49,High,W5,4.42E-01
50,High,W5,4.84E-01
51,High,W5,4.59E-01
52,High,W5,4.44E-01
53,High,W5,4.89E-01
54,High,W5,4.27E-01
55,High,W5,4.24E-01
56,High,W5,4.54E-01
57,High,W5,5.14E-01
58,High,W5,5.23E-01
59,High,W5,5.07E-01
60,High,W5,5.01E-01
61,High,W5,4.74E-01
62,High,W5,4.57E-01
63,High,W5,4.73E-01
64,High,W5,4.66E-01
65,High,W5,4.54E-01
66,High,W5,4.44E-01
67,High,W5,6.35E-01
68,High,W5,6.43E-01
69,High,W5,6.43E-01
70,High,W5,6.47E-01
71,High,W5,6.34E-01
72,High,W5,6.22E-01
73,High,W5,6.56E-01
74,High,W5,6.52E-01
75,High,W5,6.42E-01
76,High,W5,6.27E-01
77,High,W5,6.40E-01
78,High,W5,6.37E-01
79,High,W5,6.57E-01
80,High,W5,6.65E-01
81,High,W5,5.99E-01
82,High,W5,5.90E-01
83,High,W5,6.79E-01
84,High,W5,6.87E-01
85,High,W5,6.96E-01
86,High,W5,6.97E-01
87,High,W5,6.80E-01
88,High,W5,6.65E-01
89,High,W5,6.70E-01
90,High,W5,6.76E-01
91,High,W5,6.60E-01
92,High,W5,6.42E-01
93,High,W5,6.39E-01
94,High,W5,6.73E-01
95,High,W5,6.81E-01
96,High,W5,6.91E-01
97,High,W5,6.98E-01
98,High,W5,4.81E-01
99,High,W5,4.79E-01
100,High,W5,4.78E-01
101,High,W5,4.87E-01
102,High,W5,4.67E-01
103,High,W5,4.73E-01
104,High,W5,4.93E-01
105,High,W5,4.87E-01
106,High,W5,4.45E-01
107,High,W5,4.01E-01
108,High,W5,3.90E-01
109,High,W5,4.40E-01
110,High,W5,3.35E-01
111,High,W5,3.36E-01
112,High,W5,3.98E-01
113,High,W5,4.46E-01
114,High,W5,2.42E-01
115,High,W5,2.40E-01
116,High,W5,2.86E-01
117,High,W5,2.87E-01
118,High,W5,2.14E-01
119,High,W5,2.23E-01
120,High,W5,2.60E-01
121,High,W5,2.97E-01
122,High,W5,2.01E-01
123,High,W5,2.15E-01
124,High,W5,1.99E-01
125,High,W5,2.31E-01
126,High,W5,2.57E-01
127,High,W5,2.78E-01
128,High,W5,6.99E-01
129,High,W5,6.99E-01
130,High,W5,6.98E-01
131,High,W5,6.93E-01
132,High,W5,6.89E-01
133,High,W5,6.88E-01
134,High,W5,6.92E-01
135,High,W5,6.83E-01
136,High,W5,6.78E-01
137,High,W5,6.78E-01
138,High,W5,6.82E-01
139,High,W5,6.71E-01
140,High,W5,6.71E-01
141,High,W5,6.64E-01
142,High,W5,6.63E-01
143,High,W5,6.55E-01
144,High,W5,6.66E-01
145,High,W5,6.53E-01
146,High,W5,6.48E-01
147,High,W5,6.45E-01
148,High,W5,6.41E-01
149,High,W5,6.38E-01
150,High,W5,6.38E-01
151,High,W5,5.91E-01
152,High,W5,5.78E-01
153,High,W5,5.84E-01
154,High,W5,6.03E-01
155,High,W5,6.17E-01
156,High,W5,6.09E-01
157,High,W5,5.60E-01
158,High,W5,5.61E-01
159,High,W5,5.72E-01
160,High,W5,5.65E-01
161,High,W5,6.09E-01
162,High,W5,6.16E-01
163,High,W5,6.21E-01
164,High,W5,6.28E-01
165,High,W5,6.36E-01
166,High,W5,6.30E-01
167,High,W5,6.31E-01
168,High,W5,6.43E-01
169,High,W5,6.44E-01
170,High,W5,6.19E-01
171,High,W5,6.12E-01
172,High,W5,6.19E-01
173,High,W5,6.21E-01
174,High,W5,6.33E-01
175,High,W5,6.29E-01
176,High,W5,5.92E-01
177,High,W5,5.99E-01
178,High,W5,5.82E-01
179,High,W5,6.30E-01
180,High,W5,6.29E-01
181,High,W5,5.05E-01
182,High,W5,5.26E-01
183,High,W5,5.34E-01
184,High,W5,5.28E-01
185,High,W5,5.14E-01
186,High,W5,4.98E-01
187,High,W5,5.50E-01
188,High,W5,5.40E-01
189,High,W5,5.46E-01
190,High,W5,5.62E-01
191,High,W5,5.53E-01
192,High,W5,4.70E-01
193,High,W5,4.42E-01
194,High,W5,4.51E-01
195,High,W5,4.85E-01
196,High,W5,4.00E-01
197,High,W5,3.71E-01
198,High,W5,3.86E-01
199,High,W5,4.21E-01
200,High,W5,3.80E-01
201,High,W5,3.27E-01
202,High,W5,3.01E-01
203,High,W5,3.26E-01
204,High,W5,2.50E-01
205,High,W5,2.32E-01
206,High,W5,2.62E-01
207,High,W5,3.07E-01
208,High,W5,1.85E-01
209,High,W5,1.98E-01
210,High,W5,2.37E-01
211,High,W5,2.05E-01
212,High,W5,1.92E-01
213,High,W5,1.84E-01
214,High,W5,1.87E-01
215,High,W5,1.97E-01
216,High,W5,2.04E-01
217,High,W5,2.02E-01
218,High,W5,1.74E-01
219,High,W5,1.79E-01
220,High,W5,1.84E-01
221,High,W5,1.76E-01
222,High,W5,2.16E-01
223,High,W5,2.25E-01
224,High,W5,2.18E-01
225,High,W5,2.03E-01
226,High,W5,2.14E-01
227,High,W5,2.36E-01
228,High,W5,2.41E-01
229,High,W5,2.00E-01
230,High,W5,3.24E-01
231,High,W5,2.96E-01
232,High,W5,2.99E-01
233,High,W5,3.39E-01
234,High,W5,3.56E-01
235,High,W5,3.42E-01
236,High,W5,2.67E-01
237,High,W5,2.70E-01
238,High,W5,3.44E-01
239,High,W5,3.84E-01
240,High,W5,3.74E-01
241,High,W5,3.39E-01
242,High,W5,3.33E-01
243,High,W5,2.80E-01
244,High,W5,3.21E-01
245,High,W5,2.99E-01
246,High,W5,3.10E-01
247,High,W5,3.45E-01
248,High,W5,3.44E-01
249,High,W5,3.15E-01
250,High,W5,2.87E-01
251,High,W5,2.82E-01
252,High,W5,2.81E-01
253,High,W5,2.65E-01
254,High,W5,2.51E-01
255,High,W5,2.54E-01
256,High,W5,2.74E-01
257,High,W5,2.64E-01
258,High,W5,3.00E-01
259,High,W5,2.91E-01
260,High,W5,2.72E-01
261,High,W5,2.48E-01
262,High,W5,2.56E-01
263,High,W5,2.42E-01
264,High,W5,2.42E-01
265,High,W5,3.20E-01
266,High,W5,2.64E-01
267,High,W5,2.49E-01
268,High,W5,2.50E-01
269,High,W5,2.30E-01
270,High,W5,1.65E-01
271,High,W5,1.71E-01
272,High,W5,1.89E-01
273,High,W5,1.71E-01
274,High,W5,1.65E-01
275,High,W5,1.70E-01
276,High,W5,1.71E-01
277,High,W5,1.64E-01
278,High,W5,1.61E-01
279,High,W5,1.64E-01
280,High,W5,1.59E-01
281,High,W5,1.58E-01
282,High,W5,1.62E-01
283,High,W5,1.63E-01
284,High,W5,1.62E-01
285,High,W5,1.66E-01
286,High,W5,1.65E-01
287,High,W5,1.67E-01
0,Low,W5,6.42E-01
1,Low,W5,6.97E-01
2,Low,W5,6.93E-01
3,Low,W5,6.17E-01
4,Low,W5,5.75E-01
5,Low,W5,5.95E-01
6,Low,W5,6.38E-01
7,Low,W5,6.55E-01
8,Low,W5,7.02E-01
9,Low,W5,5.64E-01
10,Low,W5,5.99E-01
11,Low,W5,5.55E-01
12,Low,W5,5.37E-01
13,Low,W5,5.24E-01
14,Low,W5,5.20E-01
15,Low,W5,5.35E-01
16,Low,W5,5.31E-01
17,Low,W5,5.02E-01
18,Low,W5,5.02E-01
19,Low,W5,4.86E-01
20,Low,W5,5.05E-01
21,Low,W5,4.81E-01
22,Low,W5,4.62E-01
23,Low,W5,8.21E-01
24,Low,W5,7.58E-01
25,Low,W5,7.45E-01
26,Low,W5,7.76E-01
27,Low,W5,8.18E-01
28,Low,W5,8.49E-01
29,Low,W5,7.28E-01
30,Low,W5,6.76E-01
31,Low,W5,6.88E-01
32,Low,W5,8.04E-01
33,Low,W5,6.82E-01
34,Low,W5,6.58E-01
35,Low,W5,6.77E-01
36,Low,W5,7.31E-01
37,Low,W5,6.42E-01
38,Low,W5,6.56E-01
39,Low,W5,6.87E-01
40,Low,W5,7.27E-01
41,Low,W5,5.92E-01
42,Low,W5,6.12E-01
43,Low,W5,6.36E-01
44,Low,W5,6.02E-01
45,Low,W5,8.07E-01
46,Low,W5,7.36E-01
47,Low,W5,5.23E-01
48,Low,W5,4.89E-01
49,Low,W5,4.52E-01
50,Low,W5,4.49E-01
51,Low,W5,4.81E-01
52,Low,W5,5.17E-01
53,Low,W5,5.56E-01
54,Low,W5,5.53E-01
55,Low,W5,5.22E-01
56,Low,W5,4.91E-01
57,Low,W5,5.32E-01
58,Low,W5,5.45E-01
59,Low,W5,4.99E-01
60,Low,W5,4.80E-01
61,Low,W5,4.85E-01
62,Low,W5,5.14E-01
63,Low,W5,5.39E-01
64,Low,W5,5.30E-01
65,Low,W5,4.84E-01
66,Low,W5,4.73E-01
67,Low,W5,4.67E-01
68,Low,W5,4.97E-01
69,Low,W5,4.68E-01
70,Low,W5,4.66E-01
71,Low,W5,6.26E-01
72,Low,W5,6.34E-01
73,Low,W5,6.34E-01
74,Low,W5,6.31E-01
75,Low,W5,6.17E-01
76,Low,W5,6.10E-01
77,Low,W5,6.26E-01
78,Low,W5,6.38E-01
79,Low,W5,6.37E-01
80,Low,W5,6.33E-01
81,Low,W5,6.02E-01
82,Low,W5,6.37E-01
83,Low,W5,6.35E-01
84,Low,W5,6.15E-01
85,Low,W5,5.79E-01
86,Low,W5,5.71E-01
87,Low,W5,6.44E-01
88,Low,W5,6.49E-01
89,Low,W5,6.43E-01
90,Low,W5,6.46E-01
91,Low,W5,6.44E-01
92,Low,W5,6.37E-01
93,Low,W5,6.38E-01
94,Low,W5,6.48E-01
95,Low,W5,6.47E-01
96,Low,W5,6.44E-01
97,Low,W5,4.93E-01
98,Low,W5,4.90E-01
99,Low,W5,5.14E-01
100,Low,W5,5.04E-01
101,Low,W5,4.75E-01
102,Low,W5,4.71E-01
103,Low,W5,4.94E-01
104,Low,W5,4.95E-01
105,Low,W5,4.31E-01
106,Low,W5,4.27E-01
107,Low,W5,4.78E-01
108,Low,W5,5.05E-01
109,Low,W5,3.38E-01
110,Low,W5,3.12E-01
111,Low,W5,3.65E-01
112,Low,W5,3.95E-01
113,Low,W5,2.00E-01
114,Low,W5,1.95E-01
115,Low,W5,2.10E-01
116,Low,W5,2.26E-01
117,Low,W5,2.20E-01
118,Low,W5,2.28E-01
119,Low,W5,2.51E-01
120,Low,W5,2.66E-01
121,Low,W5,2.59E-01
122,Low,W5,3.03E-01
123,Low,W5,3.02E-01
124,Low,W5,2.53E-01
125,Low,W5,2.60E-01
126,Low,W5,3.62E-01
127,Low,W5,6.43E-01
128,Low,W5,6.46E-01
129,Low,W5,6.43E-01
130,Low,W5,6.42E-01
131,Low,W5,6.44E-01
132,Low,W5,6.37E-01
133,Low,W5,6.33E-01
134,Low,W5,6.37E-01
135,Low,W5,6.32E-01
136,Low,W5,6.33E-01
137,Low,W5,6.37E-01
138,Low,W5,6.25E-01
139,Low,W5,6.20E-01
140,Low,W5,6.23E-01
141,Low,W5,6.26E-01
142,Low,W5,6.17E-01
143,Low,W5,6.16E-01
144,Low,W5,6.19E-01
145,Low,W5,6.07E-01
146,Low,W5,5.99E-01
147,Low,W5,5.98E-01
148,Low,W5,6.05E-01
149,Low,W5,5.88E-01
150,Low,W5,5.88E-01
151,Low,W5,5.79E-01
152,Low,W5,5.79E-01
153,Low,W5,5.75E-01
154,Low,W5,5.73E-01
155,Low,W5,5.73E-01
156,Low,W5,5.83E-01
157,Low,W5,5.56E-01
158,Low,W5,5.44E-01
159,Low,W5,5.40E-01
160,Low,W5,5.45E-01
161,Low,W5,5.58E-01
162,Low,W5,5.65E-01
163,Low,W5,5.32E-01
164,Low,W5,5.29E-01
165,Low,W5,5.29E-01
166,Low,W5,5.37E-01
167,Low,W5,5.62E-01
168,Low,W5,5.61E-01
169,Low,W5,5.61E-01
170,Low,W5,5.69E-01
171,Low,W5,5.41E-01
172,Low,W5,5.44E-01
173,Low,W5,5.59E-01
174,Low,W5,5.63E-01
175,Low,W5,5.60E-01
176,Low,W5,5.54E-01
177,Low,W5,5.37E-01
178,Low,W5,5.50E-01
179,Low,W5,5.65E-01
180,Low,W5,5.68E-01
181,Low,W5,5.76E-01
182,Low,W5,5.76E-01
183,Low,W5,5.32E-01
184,Low,W5,5.45E-01
185,Low,W5,5.15E-01
186,Low,W5,5.15E-01
187,Low,W5,5.04E-01
188,Low,W5,4.92E-01
189,Low,W5,4.94E-01
190,Low,W5,5.07E-01
191,Low,W5,5.22E-01
192,Low,W5,5.21E-01
193,Low,W5,5.25E-01
194,Low,W5,5.26E-01
195,Low,W5,5.27E-01
196,Low,W5,5.31E-01
197,Low,W5,4.78E-01
198,Low,W5,4.61E-01
199,Low,W5,4.54E-01
200,Low,W5,4.75E-01
201,Low,W5,4.42E-01
202,Low,W5,4.69E-01
203,Low,W5,4.25E-01
204,Low,W5,4.09E-01
205,Low,W5,4.18E-01
206,Low,W5,4.43E-01
207,Low,W5,4.15E-01
208,Low,W5,4.03E-01
209,Low,W5,1.78E-01
210,Low,W5,1.74E-01
211,Low,W5,1.74E-01
212,Low,W5,1.76E-01
213,Low,W5,1.80E-01
214,Low,W5,1.82E-01
215,Low,W5,1.74E-01
216,Low,W5,1.77E-01
217,Low,W5,1.76E-01
218,Low,W5,1.73E-01
219,Low,W5,1.78E-01
220,Low,W5,1.85E-01
221,Low,W5,1.88E-01
222,Low,W5,1.85E-01
223,Low,W5,3.45E-01
224,Low,W5,3.03E-01
225,Low,W5,2.79E-01
226,Low,W5,3.01E-01
227,Low,W5,3.45E-01
228,Low,W5,3.63E-01
229,Low,W5,2.44E-01
230,Low,W5,2.34E-01
231,Low,W5,2.66E-01
232,Low,W5,2.97E-01
233,Low,W5,3.70E-01
234,Low,W5,1.98E-01
235,Low,W5,2.05E-01
236,Low,W5,2.00E-01
237,Low,W5,1.91E-01
238,Low,W5,2.91E-01
239,Low,W5,2.70E-01
240,Low,W5,2.84E-01
241,Low,W5,3.07E-01
242,Low,W5,3.08E-01
243,Low,W5,2.22E-01
244,Low,W5,2.47E-01
245,Low,W5,2.79E-01
246,Low,W5,3.25E-01
247,Low,W5,3.22E-01
248,Low,W5,3.23E-01
249,Low,W5,3.23E-01
250,Low,W5,2.95E-01
251,Low,W5,3.16E-01
252,Low,W5,3.33E-01
253,Low,W5,3.32E-01
254,Low,W5,3.01E-01
255,Low,W5,2.81E-01
256,Low,W5,2.99E-01
257,Low,W5,3.22E-01
258,Low,W5,2.84E-01
259,Low,W5,2.60E-01
260,Low,W5,2.59E-01
261,Low,W5,3.40E-01
262,Low,W5,3.58E-01
263,Low,W5,3.01E-01
264,Low,W5,2.75E-01
265,Low,W5,2.55E-01
266,Low,W5,2.33E-01
267,Low,W5,2.38E-01
268,Low,W5,2.77E-01
269,Low,W5,2.61E-01
270,Low,W5,2.44E-01
271,Low,W5,2.58E-01
272,Low,W5,2.42E-01
273,Low,W5,2.36E-01
274,Low,W5,2.29E-01
275,Low,W5,2.18E-01
276,Low,W5,2.18E-01
277,Low,W5,2.23E-01
278,Low,W5,2.26E-01
279,Low,W5,2.10E-01
280,Low,W5,2.02E-01
281,Low,W5,2.08E-01
282,Low,W5,2.18E-01
283,Low,W5,2.04E-01
284,Low,W5,2.14E-01
285,Low,W5,2.39E-01
286,Low,W5,1.97E-01
287,Low,W5,1.98E-01
288,Low,W5,2.09E-01
289,Low,W5,1.97E-01
290,Low,W5,1.76E-01
291,Low,W5,1.77E-01
292,Low,W5,1.77E-01
293,Low,W5,1.73E-01
294,Low,W5,1.91E-01
295,Low,W5,1.84E-01
296,Low,W5,1.83E-01
297,Low,W5,1.92E-01
298,Low,W5,1.92E-01
299,Low,W5,2.11E-01
